case_id,patient_id,visit,visit_days,instrument,prom_score,vr12_pcs,vr12_mcs,walking_aid
C0001,P0317,preop,-4,KOOS JR,33.9,30.6,48.1,1
C0001,P0317,6wk,37,KOOS JR,51.4,40.4,64.2,1
C0001,P0317,3mo,88,KOOS JR,90.1,49.9,47.4,0
C0001,P0317,1yr,365,KOOS JR,84.8,59.7,58.2,0
C0002,P0186,preop,-6,HOOS JR,49.1,26,56.8,0
C0002,P0186,6wk,37,HOOS JR,59.5,40.5,47.2,1
C0002,P0186,3mo,90,HOOS JR,64.9,34.3,43.9,0
C0002,P0186,1yr,356,HOOS JR,83.9,44.9,67.4,1
C0003,P0397,preop,-14,KOOS JR,35.2,21.6,41.1,0
C0003,P0397,6wk,49,KOOS JR,70.7,38.8,57.9,1
C0003,P0397,3mo,90,KOOS JR,79,42.6,51.5,0
C0003,P0397,1yr,365,KOOS JR,90.6,41.8,67.6,0
C0004,P0151,preop,-8,KOOS JR,48,27.8,48.2,0
C0004,P0151,6wk,48,KOOS JR,81.4,43.2,69.7,1
C0004,P0151,3mo,90,KOOS JR,86.1,43.4,52.8,0
C0004,P0151,1yr,,KOOS JR,,,,
C0005,P0250,preop,-10,HOOS JR,48.3,35.5,50.1,1
C0005,P0250,6wk,44,HOOS JR,69.3,39.1,52.2,1
C0005,P0250,3mo,90,HOOS JR,87.1,48.1,26,1
C0005,P0250,1yr,365,HOOS JR,100,47.6,50.4,0
C0006,P0263,preop,-19,HOOS JR,37.8,26.3,40.1,1
C0006,P0263,6wk,36,HOOS JR,82.4,47.4,53.3,1
C0006,P0263,3mo,90,HOOS JR,89.1,34,47.8,1
C0006,P0263,1yr,,HOOS JR,,,,
C0007,P0117,preop,-24,HOOS JR,58.4,40.1,50,0
C0007,P0117,6wk,42,HOOS JR,68.4,40.6,39.5,1
C0007,P0117,3mo,,HOOS JR,,,,
C0007,P0117,1yr,365,HOOS JR,96.5,56.2,65.6,0
C0008,P0434,preop,-18,KOOS JR,58.5,30.2,58.2,0
C0008,P0434,6wk,42,KOOS JR,73.2,40.1,45.4,1
C0008,P0434,3mo,82,KOOS JR,72.3,43.6,40.6,0
C0008,P0434,1yr,378,KOOS JR,85.9,61.3,47.7,0
C0009,P0372,preop,-27,KOOS JR,58.6,37.9,61.7,0
C0009,P0372,6wk,,KOOS JR,,,,
C0009,P0372,3mo,103,KOOS JR,79.2,37.9,40.1,0
C0009,P0372,1yr,341,KOOS JR,82.9,41.6,67.8,0
C0010,P0081,preop,-20,KOOS JR,67.3,21.6,61,1
C0010,P0081,6wk,42,KOOS JR,77.1,30.6,50.1,1
C0010,P0081,3mo,90,KOOS JR,83.6,37.1,61.4,0
C0010,P0081,1yr,365,KOOS JR,100,50.8,67,0
C0011,P0457,preop,-5,HOOS JR,35,27.9,70.5,0
C0011,P0457,6wk,36,HOOS JR,67.8,35.8,44.9,0
C0011,P0457,3mo,99,HOOS JR,92,46,48.8,0
C0011,P0457,1yr,367,HOOS JR,100,45.4,43.3,0
C0012,P0273,preop,-27,HOOS JR,37.4,31.6,29.6,0
C0012,P0273,6wk,45,HOOS JR,55,22.4,53.8,1
C0012,P0273,3mo,83,HOOS JR,68.1,42.1,58.6,0
C0012,P0273,1yr,,HOOS JR,,,,
C0013,P0171,preop,-14,KOOS JR,44.3,43,52.4,0
C0013,P0171,6wk,46,KOOS JR,66.6,36.9,61.8,1
C0013,P0171,3mo,90,KOOS JR,66.3,45.6,50,0
C0013,P0171,1yr,364,KOOS JR,64,39.5,39.6,1
C0014,P0438,preop,-2,HOOS JR,51,43,54.3,1
C0014,P0438,6wk,42,HOOS JR,78.1,27.2,48.2,1
C0014,P0438,3mo,96,HOOS JR,79.4,40.9,49.9,0
C0014,P0438,1yr,365,HOOS JR,88.2,54.7,54.2,0
C0015,P0316,preop,-14,HOOS JR,55.4,48,49.2,0
C0015,P0316,6wk,43,HOOS JR,68.3,24.1,54,1
C0015,P0316,3mo,99,HOOS JR,71.1,44.8,42.8,0
C0015,P0316,1yr,365,HOOS JR,74.5,53.2,70.6,0
C0016,P0447,preop,-14,KOOS JR,49.7,32.5,51.7,0
C0016,P0447,6wk,38,KOOS JR,49,23.4,53.2,1
C0016,P0447,3mo,90,KOOS JR,76.1,34.8,59.5,0
C0016,P0447,1yr,365,KOOS JR,80.3,31.5,63.9,0
C0017,P0212,preop,-7,KOOS JR,40.6,25.5,47.4,0
C0017,P0212,6wk,41,KOOS JR,56.4,35.5,48.5,0
C0017,P0212,3mo,,KOOS JR,,,,
C0017,P0212,1yr,346,KOOS JR,87.3,51.8,53.9,0
C0018,P0221,preop,-27,HOOS JR,28.4,31.5,44.1,0
C0018,P0221,6wk,42,HOOS JR,56.3,33.2,53.6,0
C0018,P0221,3mo,96,HOOS JR,69.4,36.8,50.5,1
C0018,P0221,1yr,365,HOOS JR,89.7,40.1,44.4,0
C0019,P0183,preop,-12,HOOS JR,33.4,36.4,55.2,1
C0019,P0183,6wk,41,HOOS JR,82,31,54.4,0
C0019,P0183,3mo,90,HOOS JR,94.6,45,43.9,0
C0019,P0183,1yr,,HOOS JR,,,,
C0020,P0498,preop,-16,HOOS JR,40.7,29.9,47.2,0
C0020,P0498,6wk,36,HOOS JR,55.1,33.9,47.3,0
C0020,P0498,3mo,95,HOOS JR,85,49.7,62.5,0
C0020,P0498,1yr,,HOOS JR,,,,
C0021,P0506,preop,-17,HOOS JR,62.9,26.9,34,1
C0021,P0506,6wk,42,HOOS JR,97.2,40.1,51.4,1
C0021,P0506,3mo,89,HOOS JR,97.2,54.6,54.6,0
C0021,P0506,1yr,,HOOS JR,,,,
C0022,P0503,preop,-14,KOOS JR,47.5,22.3,43.9,1
C0022,P0503,6wk,36,KOOS JR,59.5,23.9,62.4,1
C0022,P0503,3mo,97,KOOS JR,73.8,41,53,0
C0022,P0503,1yr,357,KOOS JR,83.3,44.4,39.6,0
C0023,P0279,preop,-3,KOOS JR,46.5,28.8,49.4,1
C0023,P0279,6wk,45,KOOS JR,45.3,32.2,61.7,1
C0023,P0279,3mo,,KOOS JR,,,,
C0023,P0279,1yr,365,KOOS JR,71.4,50.4,56.8,0
C0024,P0128,preop,-6,KOOS JR,43.8,30.2,32.3,0
C0024,P0128,6wk,35,KOOS JR,63.7,27.1,59,1
C0024,P0128,3mo,,KOOS JR,,,,
C0024,P0128,1yr,344,KOOS JR,68.7,35.2,51.9,0
C0025,P0338,preop,-25,HOOS JR,45,32.7,55.6,0
C0025,P0338,6wk,43,HOOS JR,68.3,45.1,57.2,0
C0025,P0338,3mo,97,HOOS JR,76.5,41.7,52.9,0
C0025,P0338,1yr,340,HOOS JR,100,49.6,51.9,0
C0026,P0415,preop,-16,HOOS JR,39.7,28.5,50,1
C0026,P0415,6wk,42,HOOS JR,64,36.2,51.8,0
C0026,P0415,3mo,103,HOOS JR,76.2,36.6,48.7,0
C0026,P0415,1yr,395,HOOS JR,90.7,49.2,54.1,0
C0027,P0205,preop,-10,HOOS JR,38.3,31.3,79.5,0
C0027,P0205,6wk,42,HOOS JR,73.6,28,55.1,1
C0027,P0205,3mo,90,HOOS JR,76.3,40.1,45.1,1
C0027,P0205,1yr,365,HOOS JR,77.7,36.5,53.9,0
C0028,P0135,preop,-17,HOOS JR,28,23,58.1,0
C0028,P0135,6wk,41,HOOS JR,46.5,22.7,51.2,1
C0028,P0135,3mo,,HOOS JR,,,,
C0028,P0135,1yr,372,HOOS JR,92.8,54.1,63.2,0
C0029,P0235,preop,-14,KOOS JR,40.9,29.3,51.1,1
C0029,P0235,6wk,47,KOOS JR,64.7,30.2,63.9,1
C0029,P0235,3mo,91,KOOS JR,85.7,44.3,55.4,0
C0029,P0235,1yr,339,KOOS JR,92.5,34.3,72.6,1
C0030,P0129,preop,-10,HOOS JR,63.9,38.5,48.2,0
C0030,P0129,6wk,46,HOOS JR,71.1,31.9,62.6,1
C0030,P0129,3mo,90,HOOS JR,97.7,45.3,38.6,0
C0030,P0129,1yr,365,HOOS JR,100,55.7,67.4,0
C0031,P0062,preop,-14,KOOS JR,53.3,33.1,49.4,0
C0031,P0062,6wk,44,KOOS JR,71.6,39.2,50.1,1
C0031,P0062,3mo,,KOOS JR,,,,
C0031,P0062,1yr,384,KOOS JR,83.7,45.6,42.8,0
C0032,P0114,preop,-16,KOOS JR,49,34.1,60,1
C0032,P0114,6wk,42,KOOS JR,64.1,35.5,29.6,1
C0032,P0114,3mo,,KOOS JR,,,,
C0032,P0114,1yr,376,KOOS JR,74.5,39,56.3,0
C0033,P0229,preop,-24,HOOS JR,49.4,43.2,53.1,0
C0033,P0229,6wk,38,HOOS JR,70.8,43.6,52.5,0
C0033,P0229,3mo,90,HOOS JR,83.9,44.5,58.2,0
C0033,P0229,1yr,362,HOOS JR,85.5,45.6,54.1,0
C0034,P0272,preop,-21,HOOS JR,44.4,24.2,42.7,1
C0034,P0272,6wk,42,HOOS JR,57.3,35.1,68.5,0
C0034,P0272,3mo,102,HOOS JR,83,32.9,51.9,0
C0034,P0272,1yr,342,HOOS JR,88.5,46.7,33.3,0
C0035,P0104,preop,-14,KOOS JR,38.8,30.8,42.1,1
C0035,P0104,6wk,,KOOS JR,,,,
C0035,P0104,3mo,90,KOOS JR,91.1,41.4,61.2,0
C0035,P0104,1yr,,KOOS JR,,,,
C0036,P0194,preop,-4,KOOS JR,38.8,31.3,47.1,0
C0036,P0194,6wk,36,KOOS JR,58.7,25.7,40.5,1
C0036,P0194,3mo,90,KOOS JR,88.3,49.9,45.8,0
C0036,P0194,1yr,,KOOS JR,,,,
C0037,P0464,preop,-24,HOOS JR,43.3,30.2,43.8,0
C0037,P0464,6wk,,HOOS JR,,,,
C0037,P0464,3mo,78,HOOS JR,97.1,43.2,37.7,0
C0037,P0464,1yr,342,HOOS JR,86.1,44.7,63,0
C0038,P0429,preop,-10,KOOS JR,42.5,32.3,42.5,0
C0038,P0429,6wk,42,KOOS JR,60.9,37.1,48.5,0
C0038,P0429,3mo,90,KOOS JR,85.3,33.6,64.4,1
C0038,P0429,1yr,351,KOOS JR,97.4,53.5,54.8,0
C0039,P0067,preop,,KOOS JR,,,,
C0039,P0067,6wk,42,KOOS JR,75.7,38.3,60,1
C0039,P0067,3mo,90,KOOS JR,77.9,36.3,49.2,0
C0039,P0067,1yr,365,KOOS JR,87.9,43.7,44.9,0
C0040,P0089,preop,-14,KOOS JR,72.4,29.5,46.9,0
C0040,P0089,6wk,47,KOOS JR,71.6,42.8,58.1,0
C0040,P0089,3mo,90,KOOS JR,91.2,45.6,54.8,0
C0040,P0089,1yr,,KOOS JR,,,,
C0041,P0244,preop,-14,KOOS JR,65.1,32.4,47,0
C0041,P0244,6wk,44,KOOS JR,56.1,27.8,57.4,0
C0041,P0244,3mo,80,KOOS JR,90.7,45.3,49.6,1
C0041,P0244,1yr,365,KOOS JR,70,25.7,58.8,0
C0042,P0360,preop,-14,HOOS JR,37.7,28.8,56.2,0
C0042,P0360,6wk,48,HOOS JR,84.4,38.6,54.9,0
C0042,P0360,3mo,90,HOOS JR,65.2,38.6,55.3,0
C0042,P0360,1yr,365,HOOS JR,100,50.8,46.1,0
C0043,P0085,preop,-1,HOOS JR,44.6,26.8,47.9,0
C0043,P0085,6wk,43,HOOS JR,88.5,33,60.5,1
C0043,P0085,3mo,91,HOOS JR,77.4,41.5,49,0
C0043,P0085,1yr,338,HOOS JR,100,55.8,42.4,0
C0044,P0209,preop,-4,KOOS JR,45.2,15.2,53.1,1
C0044,P0209,6wk,41,KOOS JR,64.6,35,64.3,1
C0044,P0209,3mo,90,KOOS JR,92.4,49.5,70.9,1
C0044,P0209,1yr,362,KOOS JR,85.5,33.6,66.8,1
C0045,P0113,preop,-14,KOOS JR,36.5,25.8,53,0
C0045,P0113,6wk,49,KOOS JR,52.7,31.1,72.6,0
C0045,P0113,3mo,100,KOOS JR,72.7,34.5,48.6,0
C0045,P0113,1yr,340,KOOS JR,79,49.3,55.1,0
C0046,P0140,preop,-14,KOOS JR,54.9,32.4,28.7,1
C0046,P0140,6wk,42,KOOS JR,63.2,32.1,51.8,1
C0046,P0140,3mo,,KOOS JR,,,,
C0046,P0140,1yr,,KOOS JR,,,,
C0047,P0199,preop,-18,KOOS JR,39.5,36,39.9,0
C0047,P0199,6wk,42,KOOS JR,61.2,32.3,61,1
C0047,P0199,3mo,90,KOOS JR,55.9,26.1,54.6,1
C0047,P0199,1yr,350,KOOS JR,84.2,40.2,43,0
C0048,P0310,preop,-24,KOOS JR,51.2,15.2,64.4,0
C0048,P0310,6wk,42,KOOS JR,75.5,33.8,45.1,0
C0048,P0310,3mo,90,KOOS JR,66.2,46.8,68.2,0
C0048,P0310,1yr,388,KOOS JR,78.6,38.3,51.3,0
C0049,P0181,preop,-17,KOOS JR,77.8,32.6,60.4,0
C0049,P0181,6wk,39,KOOS JR,86.5,35.7,49.6,1
C0049,P0181,3mo,94,KOOS JR,94.5,26.2,71.6,0
C0049,P0181,1yr,,KOOS JR,,,,
C0050,P0218,preop,-18,KOOS JR,49.7,21,41,0
C0050,P0218,6wk,42,KOOS JR,62.7,24.4,60.3,0
C0050,P0218,3mo,,KOOS JR,,,,
C0050,P0218,1yr,,KOOS JR,,,,
C0051,P0484,preop,-14,KOOS JR,25.1,18.9,62.4,0
C0051,P0484,6wk,35,KOOS JR,51,40.7,60.3,1
C0051,P0484,3mo,102,KOOS JR,63.4,40.2,45,0
C0051,P0484,1yr,365,KOOS JR,70.7,52,49.6,0
C0052,P0227,preop,-18,HOOS JR,14.4,23.1,48.3,0
C0052,P0227,6wk,,HOOS JR,,,,
C0052,P0227,3mo,101,HOOS JR,54.6,41.4,47.4,0
C0052,P0227,1yr,,HOOS JR,,,,
C0053,P0287,preop,-14,KOOS JR,59.1,32.2,62.4,1
C0053,P0287,6wk,41,KOOS JR,67.1,32,61.8,0
C0053,P0287,3mo,89,KOOS JR,92.5,38.2,46.8,0
C0053,P0287,1yr,370,KOOS JR,100,43.5,64.5,0
C0054,P0459,preop,-8,KOOS JR,40.8,30.2,48.1,0
C0054,P0459,6wk,42,KOOS JR,42.4,45.7,60.2,0
C0054,P0459,3mo,94,KOOS JR,65.3,48.3,62.5,1
C0054,P0459,1yr,371,KOOS JR,75.6,46.9,70.3,0
C0055,P0038,preop,-14,HOOS JR,46.6,26.2,37,0
C0055,P0038,6wk,,HOOS JR,,,,
C0055,P0038,3mo,90,HOOS JR,99.1,34.8,45.3,0
C0055,P0038,1yr,379,HOOS JR,85.3,46.6,57.2,0
C0056,P0476,preop,-12,KOOS JR,43.3,33.8,63.4,1
C0056,P0476,6wk,42,KOOS JR,49.5,34.3,53.2,1
C0056,P0476,3mo,,KOOS JR,,,,
C0056,P0476,1yr,352,KOOS JR,57,48.5,48.3,0
C0057,P0065,preop,-6,HOOS JR,43.4,30.5,54.5,0
C0057,P0065,6wk,35,HOOS JR,50.5,35,69.5,0
C0057,P0065,3mo,90,HOOS JR,77.3,40.8,51.7,0
C0057,P0065,1yr,390,HOOS JR,76.7,47.8,55.4,0
C0058,P0372,preop,-7,KOOS JR,43.4,23.9,46.4,0
C0058,P0372,6wk,46,KOOS JR,58.8,29.8,41.8,1
C0058,P0372,3mo,81,KOOS JR,59.5,45.2,52.3,0
C0058,P0372,1yr,365,KOOS JR,73.7,38.7,63.1,0
C0059,P0194,preop,-9,KOOS JR,46,23,49.3,0
C0059,P0194,6wk,40,KOOS JR,45.1,24,46.2,1
C0059,P0194,3mo,82,KOOS JR,68.6,40.7,57,0
C0059,P0194,1yr,378,KOOS JR,82.6,53.2,60.5,1
C0060,P0082,preop,-26,HOOS JR,47.1,22.5,48.8,0
C0060,P0082,6wk,42,HOOS JR,64.3,28.9,54.4,0
C0060,P0082,3mo,101,HOOS JR,78.4,42.1,47.1,0
C0060,P0082,1yr,365,HOOS JR,75.9,36.6,47.8,0
C0061,P0177,preop,-14,HOOS JR,49.1,41.2,70.2,0
C0061,P0177,6wk,35,HOOS JR,82.9,40.4,56.4,0
C0061,P0177,3mo,,HOOS JR,,,,
C0061,P0177,1yr,,HOOS JR,,,,
C0062,P0009,preop,-12,KOOS JR,44.2,33.3,39.1,0
C0062,P0009,6wk,42,KOOS JR,56.1,35.8,57.4,1
C0062,P0009,3mo,80,KOOS JR,66,38.3,51,0
C0062,P0009,1yr,365,KOOS JR,94.9,48.5,48.3,0
C0063,P0298,preop,-8,HOOS JR,30.9,26,47.7,0
C0063,P0298,6wk,42,HOOS JR,56.1,37.6,69.8,0
C0063,P0298,3mo,90,HOOS JR,72.2,40,49.5,0
C0063,P0298,1yr,380,HOOS JR,67.7,49.2,55.7,0
C0064,P0469,preop,,KOOS JR,,,,
C0064,P0469,6wk,42,KOOS JR,67.8,33.2,44.1,1
C0064,P0469,3mo,86,KOOS JR,83,40.2,60.8,0
C0064,P0469,1yr,389,KOOS JR,94.3,41,49.2,0
C0065,P0296,preop,-26,HOOS JR,45.7,31.8,53.1,0
C0065,P0296,6wk,36,HOOS JR,77.4,43,50.2,1
C0065,P0296,3mo,86,HOOS JR,83.1,47.9,56.8,0
C0065,P0296,1yr,378,HOOS JR,96.7,47.3,62.2,0
C0066,P0034,preop,-22,HOOS JR,34.6,28.9,49.8,0
C0066,P0034,6wk,42,HOOS JR,53.2,31.5,52.2,0
C0066,P0034,3mo,94,HOOS JR,84.6,39.4,61.5,1
C0066,P0034,1yr,365,HOOS JR,92.4,38.1,58,1
C0067,P0510,preop,-14,KOOS JR,62.5,27.4,36.9,0
C0067,P0510,6wk,41,KOOS JR,57.7,35.9,48.5,1
C0067,P0510,3mo,104,KOOS JR,82.3,34.1,62.3,0
C0067,P0510,1yr,349,KOOS JR,76.5,45,69.7,0
C0068,P0016,preop,-20,HOOS JR,43,36.3,40.4,1
C0068,P0016,6wk,42,HOOS JR,76.9,43.9,60.7,0
C0068,P0016,3mo,92,HOOS JR,74.4,39.5,43.1,1
C0068,P0016,1yr,,HOOS JR,,,,
C0069,P0088,preop,-14,HOOS JR,45.5,23.1,35.4,1
C0069,P0088,6wk,42,HOOS JR,62.3,38.1,58.2,0
C0069,P0088,3mo,87,HOOS JR,82.7,41.7,58.7,0
C0069,P0088,1yr,346,HOOS JR,85.5,39.8,40,0
C0070,P0026,preop,-13,KOOS JR,44.1,19,37.4,0
C0070,P0026,6wk,42,KOOS JR,60.3,36.9,50.7,1
C0070,P0026,3mo,103,KOOS JR,86.5,47.2,46.3,0
C0070,P0026,1yr,365,KOOS JR,89.4,47.8,39.9,0
C0071,P0210,preop,-2,HOOS JR,54,23.4,53.2,1
C0071,P0210,6wk,40,HOOS JR,81.3,30.3,35.4,1
C0071,P0210,3mo,90,HOOS JR,70.2,41.6,49.1,0
C0071,P0210,1yr,355,HOOS JR,83.8,33,48.8,0
C0072,P0424,preop,-14,KOOS JR,64.8,38.8,56,1
C0072,P0424,6wk,42,KOOS JR,66.4,41,42.8,0
C0072,P0424,3mo,101,KOOS JR,100,39.7,44.2,0
C0072,P0424,1yr,365,KOOS JR,100,42.5,53.4,0
C0073,P0023,preop,-14,KOOS JR,31.6,29.1,44.1,1
C0073,P0023,6wk,42,KOOS JR,63.2,40.1,43.7,1
C0073,P0023,3mo,,KOOS JR,,,,
C0073,P0023,1yr,374,KOOS JR,85.8,44,65.2,0
C0074,P0477,preop,-23,KOOS JR,54.9,51.4,55.4,1
C0074,P0477,6wk,47,KOOS JR,56.1,25.5,52.5,0
C0074,P0477,3mo,90,KOOS JR,70.8,53.7,58.9,0
C0074,P0477,1yr,386,KOOS JR,91,42.9,40.3,0
C0075,P0496,preop,-14,KOOS JR,49.3,31.6,47.9,0
C0075,P0496,6wk,42,KOOS JR,53.9,29.5,56.6,1
C0075,P0496,3mo,90,KOOS JR,64,41.9,46.4,0
C0075,P0496,1yr,343,KOOS JR,68.3,48,53,0
C0076,P0109,preop,-14,KOOS JR,22.4,17.9,54.7,0
C0076,P0109,6wk,42,KOOS JR,45.8,38.7,60.7,1
C0076,P0109,3mo,80,KOOS JR,51.2,30.8,48.5,0
C0076,P0109,1yr,,KOOS JR,,,,
C0077,P0370,preop,-18,KOOS JR,25.6,32.5,34.8,0
C0077,P0370,6wk,42,KOOS JR,41.6,30,60.2,1
C0077,P0370,3mo,100,KOOS JR,59.8,49.1,45.1,0
C0077,P0370,1yr,,KOOS JR,,,,
C0078,P0436,preop,-14,HOOS JR,49.1,22.3,63.5,1
C0078,P0436,6wk,41,HOOS JR,75.2,36.9,34.6,1
C0078,P0436,3mo,90,HOOS JR,100,43,42.5,0
C0078,P0436,1yr,345,HOOS JR,100,49,56.9,1
C0079,P0356,preop,-13,KOOS JR,33.9,35.2,43.1,1
C0079,P0356,6wk,42,KOOS JR,60.3,26.4,53.8,1
C0079,P0356,3mo,84,KOOS JR,76,45.9,54.2,0
C0079,P0356,1yr,364,KOOS JR,80.4,46.8,69.5,0
C0080,P0437,preop,-4,HOOS JR,52.2,30.4,42,1
C0080,P0437,6wk,40,HOOS JR,66.8,36,56.3,1
C0080,P0437,3mo,90,HOOS JR,92.5,36,66.6,0
C0080,P0437,1yr,,HOOS JR,,,,
C0081,P0048,preop,-23,HOOS JR,35,38.5,55.5,1
C0081,P0048,6wk,42,HOOS JR,52.8,29.2,59.2,0
C0081,P0048,3mo,91,HOOS JR,69.8,33.8,56.5,1
C0081,P0048,1yr,346,HOOS JR,74,38.7,50.7,0
C0082,P0218,preop,-1,KOOS JR,60.4,20,45.1,0
C0082,P0218,6wk,42,KOOS JR,62.3,39,36.1,1
C0082,P0218,3mo,90,KOOS JR,75.5,47.3,56.4,0
C0082,P0218,1yr,384,KOOS JR,90.6,44.7,55.3,0
C0083,P0420,preop,-4,HOOS JR,50.8,31.1,52.2,0
C0083,P0420,6wk,40,HOOS JR,85.6,44.1,44.2,0
C0083,P0420,3mo,93,HOOS JR,83.7,31.8,40.9,0
C0083,P0420,1yr,371,HOOS JR,100,48.7,50.9,0
C0084,P0512,preop,-1,HOOS JR,51.3,37.3,41.2,0
C0084,P0512,6wk,45,HOOS JR,72.2,37.3,42.5,0
C0084,P0512,3mo,90,HOOS JR,100,39.1,37.3,1
C0084,P0512,1yr,393,HOOS JR,100,51.3,62.8,1
C0085,P0017,preop,-14,HOOS JR,47.6,27.9,48.2,1
C0085,P0017,6wk,42,HOOS JR,49.2,43.4,44.5,1
C0085,P0017,3mo,,HOOS JR,,,,
C0085,P0017,1yr,,HOOS JR,,,,
C0086,P0074,preop,-13,HOOS JR,45.9,36.3,43.9,0
C0086,P0074,6wk,42,HOOS JR,68.1,39.3,43.4,0
C0086,P0074,3mo,85,HOOS JR,85,34.6,62.3,0
C0086,P0074,1yr,380,HOOS JR,100,46.7,58.6,0
C0087,P0339,preop,-14,KOOS JR,37,38.7,51.5,0
C0087,P0339,6wk,36,KOOS JR,45.6,29.4,48.5,1
C0087,P0339,3mo,97,KOOS JR,54.3,23.5,64.5,1
C0087,P0339,1yr,355,KOOS JR,73.8,36.2,42.3,0
C0088,P0281,preop,-27,KOOS JR,47.7,28.9,51.2,0
C0088,P0281,6wk,40,KOOS JR,74.6,33.4,43.6,1
C0088,P0281,3mo,90,KOOS JR,75.6,44,72.9,1
C0088,P0281,1yr,365,KOOS JR,75.4,49.7,54.5,0
C0089,P0095,preop,-10,HOOS JR,53.3,30.1,57.3,1
C0089,P0095,6wk,42,HOOS JR,61.2,34.8,71.4,0
C0089,P0095,3mo,90,HOOS JR,81.7,37.6,39,0
C0089,P0095,1yr,,HOOS JR,,,,
C0090,P0407,preop,-13,HOOS JR,35.2,33.7,48.1,1
C0090,P0407,6wk,42,HOOS JR,63.4,31.6,49.8,1
C0090,P0407,3mo,80,HOOS JR,85.7,43.8,61.8,0
C0090,P0407,1yr,,HOOS JR,,,,
C0091,P0186,preop,-20,HOOS JR,49.6,24.1,52,0
C0091,P0186,6wk,43,HOOS JR,63.5,31.8,46,0
C0091,P0186,3mo,90,HOOS JR,85,38.4,50.1,0
C0091,P0186,1yr,365,HOOS JR,81.2,48.1,73.7,0
C0092,P0036,preop,-12,KOOS JR,72.6,44.1,45.3,0
C0092,P0036,6wk,42,KOOS JR,75.6,32.9,68,1
C0092,P0036,3mo,90,KOOS JR,82.5,48.6,46,0
C0092,P0036,1yr,341,KOOS JR,99.3,53.6,55,0
C0093,P0478,preop,-14,HOOS JR,54.9,31.1,50.1,0
C0093,P0478,6wk,42,HOOS JR,62.9,31.6,38.7,1
C0093,P0478,3mo,92,HOOS JR,72.5,34.8,54.8,1
C0093,P0478,1yr,365,HOOS JR,71.2,36.5,56.1,0
C0094,P0043,preop,-23,KOOS JR,36.4,24.3,43.7,0
C0094,P0043,6wk,47,KOOS JR,65.3,39.1,54.8,0
C0094,P0043,3mo,87,KOOS JR,78.5,37.4,48.6,1
C0094,P0043,1yr,336,KOOS JR,87.4,36.2,61.5,0
C0095,P0435,preop,-20,KOOS JR,55.8,35.2,45.3,0
C0095,P0435,6wk,42,KOOS JR,60.4,34.6,47,1
C0095,P0435,3mo,77,KOOS JR,78.8,44.7,63.3,0
C0095,P0435,1yr,365,KOOS JR,88.4,47.7,55.3,0
C0096,P0364,preop,-14,KOOS JR,35.5,17.3,59.3,1
C0096,P0364,6wk,43,KOOS JR,48.9,28.2,43.5,1
C0096,P0364,3mo,90,KOOS JR,50.4,37.8,41.8,0
C0096,P0364,1yr,355,KOOS JR,61.6,43.5,60.4,0
C0097,P0142,preop,-10,HOOS JR,49.8,29.9,61.5,0
C0097,P0142,6wk,44,HOOS JR,72.3,42.6,46.8,1
C0097,P0142,3mo,89,HOOS JR,60.7,38.5,51.3,0
C0097,P0142,1yr,,HOOS JR,,,,
C0098,P0414,preop,-14,KOOS JR,36,35.4,50.4,1
C0098,P0414,6wk,38,KOOS JR,59.9,37.4,63.8,1
C0098,P0414,3mo,90,KOOS JR,54.7,35.6,64.2,0
C0098,P0414,1yr,,KOOS JR,,,,
C0099,P0004,preop,-25,KOOS JR,50.2,24.6,58.6,0
C0099,P0004,6wk,45,KOOS JR,80.8,32.4,64.2,0
C0099,P0004,3mo,90,KOOS JR,82.7,33.8,48.2,0
C0099,P0004,1yr,,KOOS JR,,,,
C0100,P0356,preop,-16,KOOS JR,58.4,36.1,56.1,0
C0100,P0356,6wk,41,KOOS JR,74.6,33.2,51.4,1
C0100,P0356,3mo,101,KOOS JR,92.7,36.7,55.7,0
C0100,P0356,1yr,,KOOS JR,,,,
C0101,P0114,preop,-14,KOOS JR,49.4,27.3,53.1,1
C0101,P0114,6wk,42,KOOS JR,67.2,34.5,48.3,0
C0101,P0114,3mo,88,KOOS JR,88.9,40.3,65.1,0
C0101,P0114,1yr,360,KOOS JR,100,57.3,39,0
C0102,P0221,preop,-14,HOOS JR,41.7,33.7,53.9,0
C0102,P0221,6wk,44,HOOS JR,76.1,29.3,44,0
C0102,P0221,3mo,99,HOOS JR,79.1,42.7,64.6,0
C0102,P0221,1yr,,HOOS JR,,,,
C0103,P0272,preop,-4,HOOS JR,62.7,33.9,51.2,1
C0103,P0272,6wk,42,HOOS JR,89.8,38.6,54.1,1
C0103,P0272,3mo,87,HOOS JR,95.6,46.4,33.6,0
C0103,P0272,1yr,,HOOS JR,,,,
C0104,P0183,preop,-8,HOOS JR,31.7,32.2,40.1,1
C0104,P0183,6wk,38,HOOS JR,69.3,38.8,53.4,0
C0104,P0183,3mo,95,HOOS JR,98.7,38.5,49.4,0
C0104,P0183,1yr,371,HOOS JR,95,36.2,52.5,0
C0105,P0131,preop,-10,KOOS JR,43,32.6,43.8,1
C0105,P0131,6wk,43,KOOS JR,54.2,31.4,39.2,1
C0105,P0131,3mo,90,KOOS JR,57.9,40.9,50,0
C0105,P0131,1yr,351,KOOS JR,71.2,50.6,55.7,1
C0106,P0378,preop,-14,KOOS JR,61.4,31.9,29.8,0
C0106,P0378,6wk,42,KOOS JR,73,29.5,47.6,1
C0106,P0378,3mo,85,KOOS JR,72.8,37.4,39,0
C0106,P0378,1yr,,KOOS JR,,,,
C0107,P0276,preop,-2,HOOS JR,59.4,39,71.8,0
C0107,P0276,6wk,,HOOS JR,,,,
C0107,P0276,3mo,,HOOS JR,,,,
C0107,P0276,1yr,,HOOS JR,,,,
C0108,P0353,preop,-11,HOOS JR,38.6,29.9,56.3,0
C0108,P0353,6wk,42,HOOS JR,69.6,37.2,52.3,1
C0108,P0353,3mo,98,HOOS JR,68.4,38.2,46.4,0
C0108,P0353,1yr,366,HOOS JR,93.8,54.6,41.9,0
C0109,P0112,preop,-24,KOOS JR,63.4,31.3,57.3,0
C0109,P0112,6wk,,KOOS JR,,,,
C0109,P0112,3mo,90,KOOS JR,94.3,54.4,50,1
C0109,P0112,1yr,365,KOOS JR,100,41.5,61.2,0
C0110,P0267,preop,-19,HOOS JR,34,18.7,61.3,0
C0110,P0267,6wk,42,HOOS JR,64.6,31.8,50.3,1
C0110,P0267,3mo,93,HOOS JR,70.7,23.3,58.2,1
C0110,P0267,1yr,365,HOOS JR,86,50.9,45.3,0
C0111,P0165,preop,-8,HOOS JR,42,27.3,45.8,0
C0111,P0165,6wk,46,HOOS JR,63.7,29,54.2,0
C0111,P0165,3mo,81,HOOS JR,95.9,43.4,56.8,0
C0111,P0165,1yr,363,HOOS JR,100,41.9,58.8,0
C0112,P0030,preop,-14,KOOS JR,65.1,33.2,58.7,0
C0112,P0030,6wk,37,KOOS JR,68.4,40.6,27.2,0
C0112,P0030,3mo,90,KOOS JR,87.8,37.5,49.6,0
C0112,P0030,1yr,365,KOOS JR,92.9,48.6,57,0
C0113,P0159,preop,-14,HOOS JR,40.9,30.2,45.3,0
C0113,P0159,6wk,,HOOS JR,,,,
C0113,P0159,3mo,90,HOOS JR,79.5,38.7,46.5,1
C0113,P0159,1yr,384,HOOS JR,100,45.1,56.4,0
C0114,P0305,preop,-14,HOOS JR,34,28.7,46.3,1
C0114,P0305,6wk,41,HOOS JR,41.7,29.7,54.2,1
C0114,P0305,3mo,90,HOOS JR,66.8,47.8,49.4,0
C0114,P0305,1yr,365,HOOS JR,61.1,41.3,58,0
C0115,P0118,preop,-14,KOOS JR,37.7,27.3,47.4,0
C0115,P0118,6wk,48,KOOS JR,66.3,33.7,50.4,0
C0115,P0118,3mo,90,KOOS JR,74,48.7,53.1,0
C0115,P0118,1yr,,KOOS JR,,,,
C0116,P0078,preop,-17,HOOS JR,40.8,26.5,56.1,0
C0116,P0078,6wk,43,HOOS JR,67.4,42.5,55.1,1
C0116,P0078,3mo,97,HOOS JR,63.2,44,49,0
C0116,P0078,1yr,,HOOS JR,,,,
C0117,P0514,preop,-22,KOOS JR,51.4,44.1,42.9,0
C0117,P0514,6wk,43,KOOS JR,66.3,32.8,38.8,1
C0117,P0514,3mo,101,KOOS JR,76.8,34.4,46.3,1
C0117,P0514,1yr,,KOOS JR,,,,
C0118,P0062,preop,-2,KOOS JR,59.5,36.1,51.8,1
C0118,P0062,6wk,41,KOOS JR,65.2,40,62.9,1
C0118,P0062,3mo,95,KOOS JR,97.6,43,42.7,0
C0118,P0062,1yr,351,KOOS JR,70.5,50.8,50.7,0
C0119,P0211,preop,-5,HOOS JR,49.8,27.1,54.6,0
C0119,P0211,6wk,36,HOOS JR,60,29.3,62,0
C0119,P0211,3mo,90,HOOS JR,67.9,32.5,52,0
C0119,P0211,1yr,366,HOOS JR,77.9,30.7,62.6,0
C0120,P0136,preop,-13,KOOS JR,45.9,33.5,46.4,0
C0120,P0136,6wk,40,KOOS JR,57.9,36.5,51.7,1
C0120,P0136,3mo,90,KOOS JR,77.3,48.5,39,1
C0120,P0136,1yr,365,KOOS JR,90,59.3,59.8,0
C0121,P0296,preop,-25,HOOS JR,63.2,35.9,40.1,0
C0121,P0296,6wk,38,HOOS JR,65.1,29.6,65.1,0
C0121,P0296,3mo,,HOOS JR,,,,
C0121,P0296,1yr,366,HOOS JR,100,36.1,47.2,0
C0122,P0344,preop,-22,KOOS JR,37.7,31.8,58.1,0
C0122,P0344,6wk,47,KOOS JR,55.5,34.7,63.5,1
C0122,P0344,3mo,90,KOOS JR,52,40,66.4,0
C0122,P0344,1yr,339,KOOS JR,59.8,37.3,44.8,1
C0123,P0133,preop,-25,HOOS JR,48.8,23.6,45.6,0
C0123,P0133,6wk,,HOOS JR,,,,
C0123,P0133,3mo,96,HOOS JR,81.1,37.1,39.3,0
C0123,P0133,1yr,347,HOOS JR,100,58.9,43.4,0
C0124,P0233,preop,-14,KOOS JR,71.9,32.6,49,0
C0124,P0233,6wk,,KOOS JR,,,,
C0124,P0233,3mo,90,KOOS JR,78.9,47,66.1,0
C0124,P0233,1yr,,KOOS JR,,,,
C0125,P0310,preop,-11,KOOS JR,40.4,33.2,53.8,1
C0125,P0310,6wk,42,KOOS JR,63.5,32.7,60.3,1
C0125,P0310,3mo,,KOOS JR,,,,
C0125,P0310,1yr,365,KOOS JR,85.6,35.9,37.6,0
C0126,P0401,preop,-19,HOOS JR,75.2,41.2,59,1
C0126,P0401,6wk,42,HOOS JR,78.3,27.5,45.6,1
C0126,P0401,3mo,88,HOOS JR,80.5,37.9,33.6,1
C0126,P0401,1yr,,HOOS JR,,,,
C0127,P0312,preop,-24,KOOS JR,42.3,25.3,36.2,0
C0127,P0312,6wk,42,KOOS JR,69.2,34,64.2,1
C0127,P0312,3mo,91,KOOS JR,57.2,37.4,67.7,1
C0127,P0312,1yr,392,KOOS JR,83.7,57.5,49.3,0
C0128,P0409,preop,-25,KOOS JR,63.9,30.7,46.7,1
C0128,P0409,6wk,42,KOOS JR,58.3,34.1,45.4,1
C0128,P0409,3mo,79,KOOS JR,60.7,30.8,44.6,0
C0128,P0409,1yr,342,KOOS JR,78,36.7,54.2,0
C0129,P0029,preop,-14,KOOS JR,57.3,22.8,66.7,1
C0129,P0029,6wk,42,KOOS JR,70.4,37.6,59,1
C0129,P0029,3mo,88,KOOS JR,80.1,38,55.9,0
C0129,P0029,1yr,383,KOOS JR,87.6,44.2,52.4,0
C0130,P0012,preop,-14,HOOS JR,47.4,28.5,49.3,1
C0130,P0012,6wk,42,HOOS JR,75.9,32.2,63.7,0
C0130,P0012,3mo,87,HOOS JR,100,47,36.7,0
C0130,P0012,1yr,,HOOS JR,,,,
C0131,P0113,preop,,KOOS JR,,,,
C0131,P0113,6wk,42,KOOS JR,67.5,39,46.6,1
C0131,P0113,3mo,77,KOOS JR,58.4,26.1,51.1,0
C0131,P0113,1yr,,KOOS JR,,,,
C0132,P0051,preop,-19,HOOS JR,56.7,32.9,61.8,0
C0132,P0051,6wk,41,HOOS JR,77.1,33.2,45.2,1
C0132,P0051,3mo,90,HOOS JR,71.1,32.9,63.5,1
C0132,P0051,1yr,,HOOS JR,,,,
C0133,P0228,preop,-26,KOOS JR,47.8,28.2,51.6,0
C0133,P0228,6wk,42,KOOS JR,75.7,37,47.5,0
C0133,P0228,3mo,90,KOOS JR,79.8,38.1,38.1,0
C0133,P0228,1yr,386,KOOS JR,85.2,46,75.7,0
C0134,P0008,preop,-17,HOOS JR,32.6,23.9,51.9,1
C0134,P0008,6wk,48,HOOS JR,74.7,35.3,59.6,1
C0134,P0008,3mo,90,HOOS JR,82.9,46.7,61,0
C0134,P0008,1yr,384,HOOS JR,93.2,46,53.6,0
C0135,P0445,preop,-15,HOOS JR,59.5,46.5,31.2,0
C0135,P0445,6wk,42,HOOS JR,80.4,30.3,66.2,1
C0135,P0445,3mo,,HOOS JR,,,,
C0135,P0445,1yr,,HOOS JR,,,,
C0136,P0432,preop,-25,KOOS JR,31.9,22.1,63.1,1
C0136,P0432,6wk,43,KOOS JR,49,34.8,67.4,1
C0136,P0432,3mo,90,KOOS JR,62.8,36.4,54,0
C0136,P0432,1yr,353,KOOS JR,82.9,68.8,54.6,0
C0137,P0265,preop,-8,KOOS JR,61.6,40.5,50.1,1
C0137,P0265,6wk,36,KOOS JR,71.4,40,48.3,0
C0137,P0265,3mo,85,KOOS JR,69.2,45.6,37.8,0
C0137,P0265,1yr,374,KOOS JR,92,44.3,49.1,0
C0138,P0247,preop,,KOOS JR,,,,
C0138,P0247,6wk,41,KOOS JR,65.5,38.4,57,0
C0138,P0247,3mo,90,KOOS JR,83.4,42.2,48.1,0
C0138,P0247,1yr,365,KOOS JR,93,54.9,49.9,0
C0139,P0431,preop,-12,KOOS JR,43.3,33.6,42.6,0
C0139,P0431,6wk,42,KOOS JR,47.9,27,58.6,0
C0139,P0431,3mo,98,KOOS JR,62.9,44.3,50.4,0
C0139,P0431,1yr,365,KOOS JR,87.1,36.8,52.5,0
C0140,P0444,preop,-18,KOOS JR,57,43.5,42.4,0
C0140,P0444,6wk,42,KOOS JR,58.5,28.1,55.9,1
C0140,P0444,3mo,102,KOOS JR,81.5,30.6,62.2,1
C0140,P0444,1yr,365,KOOS JR,81.5,46.6,60.2,0
C0141,P0216,preop,-11,HOOS JR,36.5,34.7,51.5,0
C0141,P0216,6wk,,HOOS JR,,,,
C0141,P0216,3mo,90,HOOS JR,65,29.9,55.1,0
C0141,P0216,1yr,362,HOOS JR,64.2,39.5,66.5,0
C0142,P0063,preop,-2,HOOS JR,40.3,34.1,64.6,0
C0142,P0063,6wk,37,HOOS JR,71.7,40.8,50.9,1
C0142,P0063,3mo,84,HOOS JR,82.3,41.5,41.2,0
C0142,P0063,1yr,,HOOS JR,,,,
C0143,P0223,preop,-21,KOOS JR,18.3,28.2,63.6,0
C0143,P0223,6wk,42,KOOS JR,51,27,56.3,0
C0143,P0223,3mo,89,KOOS JR,41.1,28.7,50.6,0
C0143,P0223,1yr,,KOOS JR,,,,
C0144,P0201,preop,-14,KOOS JR,57.2,27.9,34.7,1
C0144,P0201,6wk,48,KOOS JR,71.5,39.3,41.7,0
C0144,P0201,3mo,83,KOOS JR,100,37.1,47.3,0
C0144,P0201,1yr,394,KOOS JR,96.7,48.9,45.6,0
C0145,P0335,preop,-14,KOOS JR,52,41.4,54.2,0
C0145,P0335,6wk,44,KOOS JR,51.3,24.1,61.5,0
C0145,P0335,3mo,86,KOOS JR,70,34.2,62.7,0
C0145,P0335,1yr,344,KOOS JR,66.5,54.1,44.7,0
C0146,P0225,preop,-9,KOOS JR,36.1,38.4,58.2,1
C0146,P0225,6wk,36,KOOS JR,60.2,39.8,50.1,0
C0146,P0225,3mo,84,KOOS JR,61.2,41.3,38.4,0
C0146,P0225,1yr,344,KOOS JR,77.9,45.9,60.7,0
C0147,P0043,preop,-11,KOOS JR,51.8,36.3,45.9,1
C0147,P0043,6wk,39,KOOS JR,57.7,45.1,57.7,0
C0147,P0043,3mo,79,KOOS JR,76.3,39.1,43.4,0
C0147,P0043,1yr,365,KOOS JR,86.8,47.7,64.7,0
C0148,P0508,preop,-4,KOOS JR,42.2,24.8,57.2,0
C0148,P0508,6wk,44,KOOS JR,54.1,29.8,39,1
C0148,P0508,3mo,77,KOOS JR,62.5,44,47.9,0
C0148,P0508,1yr,,KOOS JR,,,,
C0149,P0139,preop,-20,KOOS JR,33.7,34,55,0
C0149,P0139,6wk,36,KOOS JR,58.2,43.4,43.1,1
C0149,P0139,3mo,84,KOOS JR,72.9,49.2,53.6,0
C0149,P0139,1yr,345,KOOS JR,77.2,32.3,64.9,0
C0150,P0019,preop,-14,KOOS JR,60.3,24.5,52.1,1
C0150,P0019,6wk,47,KOOS JR,77.1,36.8,58.4,1
C0150,P0019,3mo,90,KOOS JR,90.3,45.6,48.4,1
C0150,P0019,1yr,352,KOOS JR,86.7,30.8,46.1,0
C0151,P0511,preop,-14,KOOS JR,51.6,31.7,60.1,0
C0151,P0511,6wk,37,KOOS JR,67.2,42.3,37.3,1
C0151,P0511,3mo,90,KOOS JR,62.6,45.5,60,0
C0151,P0511,1yr,336,KOOS JR,90.7,41.9,69.6,0
C0152,P0339,preop,-7,KOOS JR,59.7,32,43.5,0
C0152,P0339,6wk,,KOOS JR,,,,
C0152,P0339,3mo,90,KOOS JR,89.4,36.6,43,1
C0152,P0339,1yr,393,KOOS JR,79.7,36.9,42.2,1
C0153,P0031,preop,-23,KOOS JR,43.7,24.7,50,0
C0153,P0031,6wk,42,KOOS JR,62,24.8,55.6,0
C0153,P0031,3mo,95,KOOS JR,76.6,49.9,78.3,0
C0153,P0031,1yr,383,KOOS JR,85.3,47,57,0
C0154,P0359,preop,-8,HOOS JR,33.7,33.3,52.3,0
C0154,P0359,6wk,48,HOOS JR,70.5,37,59.3,1
C0154,P0359,3mo,77,HOOS JR,74.4,47.5,45.6,0
C0154,P0359,1yr,343,HOOS JR,100,45.8,40.2,0
C0155,P0487,preop,-13,HOOS JR,36.6,37.9,63.1,1
C0155,P0487,6wk,42,HOOS JR,77.7,38.6,39.5,0
C0155,P0487,3mo,90,HOOS JR,62.9,30.6,60.4,0
C0155,P0487,1yr,392,HOOS JR,81.5,39.6,44,0
C0156,P0393,preop,-3,HOOS JR,64.5,38.2,64.7,1
C0156,P0393,6wk,42,HOOS JR,96.4,39.6,48.1,0
C0156,P0393,3mo,90,HOOS JR,86,48.6,59.7,0
C0156,P0393,1yr,371,HOOS JR,100,48.6,60,0
C0157,P0190,preop,-8,KOOS JR,41.6,30.4,53.7,0
C0157,P0190,6wk,42,KOOS JR,55.8,31.5,49,1
C0157,P0190,3mo,92,KOOS JR,68.9,42.7,49.3,0
C0157,P0190,1yr,344,KOOS JR,81.3,46.7,57.1,0
C0158,P0485,preop,-10,HOOS JR,29.9,22.4,48.1,0
C0158,P0485,6wk,38,HOOS JR,34.5,38.2,54.9,0
C0158,P0485,3mo,90,HOOS JR,71.4,42.7,28.4,1
C0158,P0485,1yr,,HOOS JR,,,,
C0159,P0024,preop,-10,KOOS JR,52.1,38.1,31.3,1
C0159,P0024,6wk,42,KOOS JR,72.7,31.2,56.2,0
C0159,P0024,3mo,,KOOS JR,,,,
C0159,P0024,1yr,335,KOOS JR,97.3,50.6,49.7,0
C0160,P0399,preop,-14,KOOS JR,47.2,26.7,41.8,0
C0160,P0399,6wk,,KOOS JR,,,,
C0160,P0399,3mo,,KOOS JR,,,,
C0160,P0399,1yr,,KOOS JR,,,,
C0161,P0141,preop,-2,HOOS JR,67.8,26.7,62.5,1
C0161,P0141,6wk,,HOOS JR,,,,
C0161,P0141,3mo,,HOOS JR,,,,
C0161,P0141,1yr,365,HOOS JR,100,51.1,38.7,0
C0162,P0149,preop,,HOOS JR,,,,
C0162,P0149,6wk,40,HOOS JR,85.1,36.7,55.8,1
C0162,P0149,3mo,,HOOS JR,,,,
C0162,P0149,1yr,365,HOOS JR,100,46.8,48.9,0
C0163,P0439,preop,-17,HOOS JR,46.8,32.3,48.7,1
C0163,P0439,6wk,42,HOOS JR,95.5,40,47.5,0
C0163,P0439,3mo,,HOOS JR,,,,
C0163,P0439,1yr,368,HOOS JR,100,52.9,60.8,0
C0164,P0094,preop,-14,HOOS JR,39.2,31.1,57.2,0
C0164,P0094,6wk,,HOOS JR,,,,
C0164,P0094,3mo,90,HOOS JR,92.8,35.1,60.5,0
C0164,P0094,1yr,365,HOOS JR,96.7,37.2,45.6,0
C0165,P0482,preop,-15,KOOS JR,64.9,27.2,38.1,0
C0165,P0482,6wk,42,KOOS JR,66.6,40.4,53.9,0
C0165,P0482,3mo,99,KOOS JR,92.1,51.2,49.7,0
C0165,P0482,1yr,365,KOOS JR,100,58.2,57.7,0
C0166,P0012,preop,-14,HOOS JR,55,35.6,49.3,0
C0166,P0012,6wk,37,HOOS JR,95.1,29.3,52.3,0
C0166,P0012,3mo,89,HOOS JR,96.2,39.9,52,0
C0166,P0012,1yr,335,HOOS JR,100,39,53.5,0
C0167,P0315,preop,-11,HOOS JR,50.1,43.8,48.8,0
C0167,P0315,6wk,,HOOS JR,,,,
C0167,P0315,3mo,,HOOS JR,,,,
C0167,P0315,1yr,,HOOS JR,,,,
C0168,P0468,preop,-25,KOOS JR,26.8,22.6,47.7,0
C0168,P0468,6wk,36,KOOS JR,43.1,25.6,62,0
C0168,P0468,3mo,,KOOS JR,,,,
C0168,P0468,1yr,,KOOS JR,,,,
C0169,P0466,preop,-14,HOOS JR,46.2,29.5,43.2,0
C0169,P0466,6wk,41,HOOS JR,73.2,40.4,61.4,0
C0169,P0466,3mo,82,HOOS JR,100,40.9,57.6,0
C0169,P0466,1yr,378,HOOS JR,99.5,49.5,61.1,0
C0170,P0084,preop,-14,HOOS JR,52.8,34.1,54.5,0
C0170,P0084,6wk,44,HOOS JR,65.5,38.8,42.5,0
C0170,P0084,3mo,87,HOOS JR,100,48.8,70,0
C0170,P0084,1yr,361,HOOS JR,87,26.1,56.5,1
C0171,P0346,preop,-16,HOOS JR,52.3,30.1,54.9,0
C0171,P0346,6wk,41,HOOS JR,54.7,37.5,61.3,1
C0171,P0346,3mo,84,HOOS JR,58.4,40.8,45.4,0
C0171,P0346,1yr,,HOOS JR,,,,
C0172,P0267,preop,-9,HOOS JR,48.2,20.4,52.6,1
C0172,P0267,6wk,,HOOS JR,,,,
C0172,P0267,3mo,,HOOS JR,,,,
C0172,P0267,1yr,,HOOS JR,,,,
C0173,P0147,preop,-12,HOOS JR,51.2,30.9,61.5,0
C0173,P0147,6wk,37,HOOS JR,78.7,36.5,58.5,1
C0173,P0147,3mo,101,HOOS JR,100,55.4,58.4,1
C0173,P0147,1yr,,HOOS JR,,,,
C0174,P0440,preop,-9,KOOS JR,57.5,32.1,44,0
C0174,P0440,6wk,42,KOOS JR,66.1,40.3,46.7,1
C0174,P0440,3mo,,KOOS JR,,,,
C0174,P0440,1yr,371,KOOS JR,82.8,41.1,52.3,0
C0175,P0169,preop,-22,HOOS JR,69.3,40.6,54.5,0
C0175,P0169,6wk,38,HOOS JR,80.1,24.3,26.4,1
C0175,P0169,3mo,95,HOOS JR,73.2,28.7,52.4,1
C0175,P0169,1yr,,HOOS JR,,,,
C0176,P0326,preop,-20,HOOS JR,38.6,28.7,32.9,0
C0176,P0326,6wk,36,HOOS JR,53.4,29.9,42.9,1
C0176,P0326,3mo,83,HOOS JR,76.5,50.1,39.3,1
C0176,P0326,1yr,343,HOOS JR,69.8,47.3,61,1
C0177,P0193,preop,-12,KOOS JR,57.1,27.4,50.5,1
C0177,P0193,6wk,,KOOS JR,,,,
C0177,P0193,3mo,96,KOOS JR,70.9,44.1,54.9,0
C0177,P0193,1yr,383,KOOS JR,85.2,50.1,50.9,0
C0178,P0096,preop,-2,KOOS JR,53,35.8,49.8,0
C0178,P0096,6wk,42,KOOS JR,67.5,38.8,54.4,1
C0178,P0096,3mo,100,KOOS JR,66.4,38.8,41.6,1
C0178,P0096,1yr,365,KOOS JR,60.7,25.4,46.2,0
C0179,P0467,preop,-14,KOOS JR,46.5,22.4,62.1,0
C0179,P0467,6wk,37,KOOS JR,88,34.6,52.6,1
C0179,P0467,3mo,98,KOOS JR,89.8,38.9,49,0
C0179,P0467,1yr,382,KOOS JR,99.8,39,49.2,0
C0180,P0358,preop,-18,KOOS JR,48.8,39.3,57.7,0
C0180,P0358,6wk,41,KOOS JR,54.5,38.3,46.5,0
C0180,P0358,3mo,90,KOOS JR,82.4,34.4,63.3,0
C0180,P0358,1yr,381,KOOS JR,96,61.5,57.2,0
C0181,P0352,preop,-14,KOOS JR,42,38.1,61.8,0
C0181,P0352,6wk,37,KOOS JR,60.3,39.1,54.4,1
C0181,P0352,3mo,81,KOOS JR,73.9,37.6,47,0
C0181,P0352,1yr,345,KOOS JR,73.9,40.9,59.8,0
C0182,P0402,preop,-1,KOOS JR,45.8,19.2,49.2,0
C0182,P0402,6wk,48,KOOS JR,64.6,28.1,32.1,1
C0182,P0402,3mo,91,KOOS JR,70,38.4,62.3,0
C0182,P0402,1yr,,KOOS JR,,,,
C0183,P0512,preop,-10,HOOS JR,38,40.3,43,0
C0183,P0512,6wk,,HOOS JR,,,,
C0183,P0512,3mo,90,HOOS JR,94.2,39.2,47.3,0
C0183,P0512,1yr,,HOOS JR,,,,
C0184,P0015,preop,-14,HOOS JR,41.6,40,46.2,0
C0184,P0015,6wk,46,HOOS JR,64.4,37.3,45.7,1
C0184,P0015,3mo,95,HOOS JR,75.2,40.6,36.6,0
C0184,P0015,1yr,391,HOOS JR,74.6,46.3,61.9,0
C0185,P0350,preop,,HOOS JR,,,,
C0185,P0350,6wk,,HOOS JR,,,,
C0185,P0350,3mo,,HOOS JR,,,,
C0185,P0350,1yr,,HOOS JR,,,,
C0186,P0446,preop,-1,HOOS JR,56.6,25.4,52.8,0
C0186,P0446,6wk,36,HOOS JR,52.4,34.8,54.1,1
C0186,P0446,3mo,90,HOOS JR,74.1,39.3,48.8,0
C0186,P0446,1yr,361,HOOS JR,70.6,54.9,47,0
C0187,P0432,preop,-14,KOOS JR,50.1,32.7,44.3,1
C0187,P0432,6wk,46,KOOS JR,69.1,45.8,54.2,1
C0187,P0432,3mo,98,KOOS JR,79.9,45,56.4,0
C0187,P0432,1yr,339,KOOS JR,91.2,38.8,52.8,0
C0188,P0331,preop,-27,KOOS JR,48.6,30.3,40.8,0
C0188,P0331,6wk,46,KOOS JR,72.7,42.8,49.9,1
C0188,P0331,3mo,,KOOS JR,,,,
C0188,P0331,1yr,365,KOOS JR,91.8,44.9,50.9,0
C0189,P0517,preop,-14,HOOS JR,56.4,37.2,43.3,0
C0189,P0517,6wk,,HOOS JR,,,,
C0189,P0517,3mo,86,HOOS JR,97.5,34.2,53.8,1
C0189,P0517,1yr,365,HOOS JR,100,46.5,48.4,0
C0190,P0148,preop,-22,HOOS JR,31.7,25.6,54.2,1
C0190,P0148,6wk,42,HOOS JR,58.8,33.5,59.3,0
C0190,P0148,3mo,90,HOOS JR,74.8,54.8,49.4,0
C0190,P0148,1yr,342,HOOS JR,94.3,37.1,58,0
C0191,P0028,preop,-15,KOOS JR,33.7,35.1,55.2,1
C0191,P0028,6wk,40,KOOS JR,61.4,41.6,69.9,1
C0191,P0028,3mo,81,KOOS JR,68.5,28.2,48.4,1
C0191,P0028,1yr,366,KOOS JR,65.1,36.2,53.9,0
C0192,P0010,preop,-9,HOOS JR,39.4,24.7,31.2,0
C0192,P0010,6wk,42,HOOS JR,63.6,30,49.1,1
C0192,P0010,3mo,90,HOOS JR,71.5,31.9,57.3,1
C0192,P0010,1yr,351,HOOS JR,65.8,46.2,47.2,0
C0193,P0207,preop,-26,HOOS JR,44.6,27.6,41,0
C0193,P0207,6wk,39,HOOS JR,75.5,37.8,42.3,0
C0193,P0207,3mo,99,HOOS JR,64,52.4,48.3,0
C0193,P0207,1yr,,HOOS JR,,,,
C0194,P0454,preop,-8,HOOS JR,48,29,50.2,1
C0194,P0454,6wk,48,HOOS JR,64.1,36.8,58.4,1
C0194,P0454,3mo,100,HOOS JR,80,40.7,66.1,0
C0194,P0454,1yr,,HOOS JR,,,,
C0195,P0332,preop,-14,HOOS JR,18.5,36.4,39.6,1
C0195,P0332,6wk,48,HOOS JR,40.7,28.4,35.2,0
C0195,P0332,3mo,82,HOOS JR,78.9,49.2,55.7,0
C0195,P0332,1yr,,HOOS JR,,,,
C0196,P0401,preop,-14,HOOS JR,54.4,40.6,58.1,1
C0196,P0401,6wk,46,HOOS JR,70.8,39.5,53.1,1
C0196,P0401,3mo,,HOOS JR,,,,
C0196,P0401,1yr,,HOOS JR,,,,
C0197,P0337,preop,-25,KOOS JR,55.5,40.6,41.7,0
C0197,P0337,6wk,42,KOOS JR,59.5,31.8,48.3,0
C0197,P0337,3mo,90,KOOS JR,71.1,26.6,53.2,0
C0197,P0337,1yr,365,KOOS JR,86.8,43.7,55.5,0
C0198,P0123,preop,-14,HOOS JR,57.7,23.9,46.3,0
C0198,P0123,6wk,36,HOOS JR,68.5,37.5,48.5,0
C0198,P0123,3mo,95,HOOS JR,84.2,51.4,40.7,1
C0198,P0123,1yr,357,HOOS JR,92.2,47.1,55.5,0
C0199,P0292,preop,-14,HOOS JR,65,35.4,47.6,0
C0199,P0292,6wk,42,HOOS JR,100,40.2,59.8,0
C0199,P0292,3mo,90,HOOS JR,87.5,40.8,60.1,0
C0199,P0292,1yr,,HOOS JR,,,,
C0200,P0249,preop,-14,HOOS JR,43.8,33.2,66.3,0
C0200,P0249,6wk,40,HOOS JR,69,40,47.7,0
C0200,P0249,3mo,96,HOOS JR,81,43.6,54.5,1
C0200,P0249,1yr,345,HOOS JR,90.2,36.8,48.6,0
C0201,P0092,preop,-14,HOOS JR,28.3,32.6,53.4,1
C0201,P0092,6wk,38,HOOS JR,50.4,33.3,66.6,1
C0201,P0092,3mo,90,HOOS JR,61.8,45.4,65.2,0
C0201,P0092,1yr,,HOOS JR,,,,
C0202,P0167,preop,-2,KOOS JR,54.5,33.5,40.4,0
C0202,P0167,6wk,42,KOOS JR,57.7,26.5,50.2,0
C0202,P0167,3mo,86,KOOS JR,58,28.6,53.9,0
C0202,P0167,1yr,373,KOOS JR,65.9,45.9,56.1,0
C0203,P0203,preop,-14,KOOS JR,50.5,26.5,54,0
C0203,P0203,6wk,48,KOOS JR,58.7,27.7,51.6,1
C0203,P0203,3mo,90,KOOS JR,74.2,36.3,54.3,1
C0203,P0203,1yr,337,KOOS JR,62.3,42.8,60.6,0
C0204,P0518,preop,-5,KOOS JR,68,31.2,60.5,0
C0204,P0518,6wk,46,KOOS JR,74.1,34.3,52.6,1
C0204,P0518,3mo,90,KOOS JR,98.1,50.2,42.6,0
C0204,P0518,1yr,339,KOOS JR,100,50.1,49.9,0
C0205,P0402,preop,-23,KOOS JR,33.5,27.9,66.3,0
C0205,P0402,6wk,40,KOOS JR,47.7,33.5,47.2,1
C0205,P0402,3mo,88,KOOS JR,61,37.9,47.4,0
C0205,P0402,1yr,,KOOS JR,,,,
C0206,P0236,preop,-14,KOOS JR,52.9,37,47.1,0
C0206,P0236,6wk,42,KOOS JR,49.5,35.7,48.7,0
C0206,P0236,3mo,78,KOOS JR,56.5,42.4,46.5,1
C0206,P0236,1yr,365,KOOS JR,84.3,37.2,36,0
C0207,P0380,preop,,KOOS JR,,,,
C0207,P0380,6wk,42,KOOS JR,60.8,32,53.2,1
C0207,P0380,3mo,90,KOOS JR,75.4,39.5,50.8,1
C0207,P0380,1yr,341,KOOS JR,88.4,40.1,36.6,0
C0208,P0466,preop,-22,HOOS JR,78.7,48.5,64.8,0
C0208,P0466,6wk,42,HOOS JR,76.2,36.3,40.3,1
C0208,P0466,3mo,,HOOS JR,,,,
C0208,P0466,1yr,371,HOOS JR,90,41.8,54.4,0
C0209,P0304,preop,,KOOS JR,,,,
C0209,P0304,6wk,42,KOOS JR,49,32.6,63.8,1
C0209,P0304,3mo,102,KOOS JR,56.1,39.1,54.4,0
C0209,P0304,1yr,356,KOOS JR,68.9,32.9,62.3,1
C0210,P0456,preop,-8,HOOS JR,58,32.6,57.2,0
C0210,P0456,6wk,42,HOOS JR,77.2,42.3,47.4,1
C0210,P0456,3mo,,HOOS JR,,,,
C0210,P0456,1yr,347,HOOS JR,91.1,51.6,42.1,0
C0211,P0252,preop,-16,KOOS JR,65.7,31.8,43.6,0
C0211,P0252,6wk,37,KOOS JR,65.8,40.4,58.3,1
C0211,P0252,3mo,,KOOS JR,,,,
C0211,P0252,1yr,374,KOOS JR,93.3,65.3,57.8,0
C0212,P0283,preop,-14,KOOS JR,43.8,30.2,43.7,1
C0212,P0283,6wk,44,KOOS JR,62,30,49.6,1
C0212,P0283,3mo,79,KOOS JR,83.6,39.6,44,0
C0212,P0283,1yr,391,KOOS JR,86.4,47,55.8,0
C0213,P0393,preop,-13,HOOS JR,39.6,28.1,51.1,1
C0213,P0393,6wk,42,HOOS JR,62.1,40.1,46,0
C0213,P0393,3mo,78,HOOS JR,65.4,30.8,47,1
C0213,P0393,1yr,387,HOOS JR,84.3,36.2,51.9,0
C0214,P0071,preop,-14,HOOS JR,40,32.2,46.3,0
C0214,P0071,6wk,40,HOOS JR,80.1,45.1,59.4,0
C0214,P0071,3mo,90,HOOS JR,77,44.5,61.7,0
C0214,P0071,1yr,365,HOOS JR,76.3,44.9,42.6,0
C0215,P0068,preop,-19,KOOS JR,52.2,31.6,59.1,0
C0215,P0068,6wk,,KOOS JR,,,,
C0215,P0068,3mo,86,KOOS JR,92.2,43.8,50.1,0
C0215,P0068,1yr,363,KOOS JR,94.4,46.7,40.3,0
C0216,P0493,preop,-11,HOOS JR,52.3,42.4,53.6,0
C0216,P0493,6wk,42,HOOS JR,73.6,35,36.9,1
C0216,P0493,3mo,88,HOOS JR,83.3,39.1,38.2,0
C0216,P0493,1yr,386,HOOS JR,77.3,42.5,57.1,0
C0217,P0056,preop,-22,HOOS JR,38,36.4,51.8,0
C0217,P0056,6wk,45,HOOS JR,84.5,37.2,62.9,1
C0217,P0056,3mo,103,HOOS JR,87.2,41.9,45.8,0
C0217,P0056,1yr,362,HOOS JR,88,56.6,41.9,1
C0218,P0426,preop,-11,KOOS JR,37.9,30.7,38.5,0
C0218,P0426,6wk,42,KOOS JR,57.3,29.5,52.7,1
C0218,P0426,3mo,90,KOOS JR,62.1,40.7,58.9,1
C0218,P0426,1yr,347,KOOS JR,69.7,42.9,45.6,1
C0219,P0325,preop,-10,KOOS JR,78,38.9,47.5,1
C0219,P0325,6wk,42,KOOS JR,65,38.3,52.8,0
C0219,P0325,3mo,90,KOOS JR,77.6,43.3,55.2,0
C0219,P0325,1yr,363,KOOS JR,89.1,48.6,59.3,0
C0220,P0245,preop,-14,KOOS JR,47.9,27.6,45.4,0
C0220,P0245,6wk,40,KOOS JR,53.1,25.8,35.6,0
C0220,P0245,3mo,90,KOOS JR,72.2,40.4,47.2,0
C0220,P0245,1yr,365,KOOS JR,87.2,47.8,54.7,0
C0221,P0155,preop,-5,KOOS JR,46.7,31.7,45.8,1
C0221,P0155,6wk,39,KOOS JR,62.9,38.7,45.5,1
C0221,P0155,3mo,96,KOOS JR,72.4,45.4,53.5,0
C0221,P0155,1yr,,KOOS JR,,,,
C0222,P0313,preop,-14,KOOS JR,51.2,39.7,41.6,0
C0222,P0313,6wk,47,KOOS JR,43.3,28.7,42.1,0
C0222,P0313,3mo,92,KOOS JR,60.9,36.2,54.6,1
C0222,P0313,1yr,345,KOOS JR,80.5,54.4,42.4,0
C0223,P0411,preop,-14,KOOS JR,46.7,29.3,48.5,1
C0223,P0411,6wk,47,KOOS JR,73.9,35.1,46.1,1
C0223,P0411,3mo,98,KOOS JR,54.9,41.6,64.5,0
C0223,P0411,1yr,352,KOOS JR,91.7,48.7,60,0
C0224,P0427,preop,-17,KOOS JR,54.7,37.2,50.6,0
C0224,P0427,6wk,36,KOOS JR,63.1,33.3,46.4,1
C0224,P0427,3mo,,KOOS JR,,,,
C0224,P0427,1yr,365,KOOS JR,83.7,51.5,41.3,0
C0225,P0473,preop,-10,KOOS JR,30.9,30.3,44.3,0
C0225,P0473,6wk,43,KOOS JR,50.6,40.2,65.7,1
C0225,P0473,3mo,97,KOOS JR,70.1,46.1,45.1,0
C0225,P0473,1yr,375,KOOS JR,84.8,43.7,38.8,0
C0226,P0277,preop,-10,KOOS JR,58.9,38.3,44.5,0
C0226,P0277,6wk,37,KOOS JR,73,34.6,55.6,1
C0226,P0277,3mo,79,KOOS JR,81.3,48.3,54.7,0
C0226,P0277,1yr,365,KOOS JR,89.1,35.7,41,0
C0227,P0416,preop,-26,KOOS JR,76.7,35,50.9,1
C0227,P0416,6wk,39,KOOS JR,71.5,31.3,60.5,1
C0227,P0416,3mo,,KOOS JR,,,,
C0227,P0416,1yr,,KOOS JR,,,,
C0228,P0115,preop,-23,KOOS JR,39.1,31.3,41.5,0
C0228,P0115,6wk,42,KOOS JR,69,29.5,42.3,1
C0228,P0115,3mo,77,KOOS JR,62.6,42.8,56.6,0
C0228,P0115,1yr,385,KOOS JR,58.5,42.5,60.6,0
C0229,P0087,preop,-12,KOOS JR,40.3,26,55.4,0
C0229,P0087,6wk,42,KOOS JR,58.4,34.8,54.7,0
C0229,P0087,3mo,,KOOS JR,,,,
C0229,P0087,1yr,387,KOOS JR,80,48.6,52.8,0
C0230,P0103,preop,-2,KOOS JR,63.3,37.3,57.8,0
C0230,P0103,6wk,40,KOOS JR,82.3,31.1,54.9,1
C0230,P0103,3mo,101,KOOS JR,88.6,39.2,50.3,0
C0230,P0103,1yr,,KOOS JR,,,,
C0231,P0231,preop,-2,HOOS JR,47,40.9,32,0
C0231,P0231,6wk,42,HOOS JR,42,34.7,52,0
C0231,P0231,3mo,85,HOOS JR,57.3,45.6,57.1,1
C0231,P0231,1yr,387,HOOS JR,57.6,37.9,55.3,0
C0232,P0208,preop,-17,HOOS JR,55.2,35.4,50.2,0
C0232,P0208,6wk,42,HOOS JR,59.1,34.5,41.6,1
C0232,P0208,3mo,90,HOOS JR,77.6,36.7,49.3,0
C0232,P0208,1yr,,HOOS JR,,,,
C0233,P0050,preop,-21,KOOS JR,44.7,31.2,42.5,1
C0233,P0050,6wk,,KOOS JR,,,,
C0233,P0050,3mo,90,KOOS JR,94.2,50.6,61.7,0
C0233,P0050,1yr,377,KOOS JR,84.8,53,58.8,0
C0234,P0184,preop,-14,KOOS JR,35.2,26.7,70.3,1
C0234,P0184,6wk,45,KOOS JR,54.6,44.1,61.5,1
C0234,P0184,3mo,77,KOOS JR,51.5,29,56,1
C0234,P0184,1yr,338,KOOS JR,71.8,48.9,65.6,0
C0235,P0138,preop,-17,HOOS JR,42.1,23.9,44.7,0
C0235,P0138,6wk,43,HOOS JR,67.8,33.7,66.1,0
C0235,P0138,3mo,91,HOOS JR,100,49.1,58.5,1
C0235,P0138,1yr,343,HOOS JR,98.1,36.2,60.6,0
C0236,P0448,preop,-14,KOOS JR,53.1,28.9,40.7,1
C0236,P0448,6wk,42,KOOS JR,72.4,31.7,49.1,0
C0236,P0448,3mo,88,KOOS JR,92.7,42,59.1,0
C0236,P0448,1yr,339,KOOS JR,99.4,43.6,58,1
C0237,P0375,preop,-14,KOOS JR,51.4,36.9,53.7,0
C0237,P0375,6wk,37,KOOS JR,55.4,27.9,48.7,1
C0237,P0375,3mo,90,KOOS JR,57.5,38.3,57.3,0
C0237,P0375,1yr,365,KOOS JR,82.6,36.4,58.9,0
C0238,P0406,preop,-6,KOOS JR,48.3,31.9,53.8,1
C0238,P0406,6wk,41,KOOS JR,51.7,25.8,59.5,0
C0238,P0406,3mo,90,KOOS JR,62.4,43.2,62.3,1
C0238,P0406,1yr,365,KOOS JR,74.4,43.9,51.7,0
C0239,P0028,preop,-14,KOOS JR,47.4,37.6,51.4,0
C0239,P0028,6wk,,KOOS JR,,,,
C0239,P0028,3mo,90,KOOS JR,47.6,25,51,0
C0239,P0028,1yr,348,KOOS JR,81.4,47.6,61.4,0
C0240,P0379,preop,-11,KOOS JR,64.3,32.3,50.6,1
C0240,P0379,6wk,43,KOOS JR,65.6,38.8,63.7,1
C0240,P0379,3mo,,KOOS JR,,,,
C0240,P0379,1yr,388,KOOS JR,80.8,52.7,34.7,0
C0241,P0441,preop,-14,HOOS JR,40,29.5,43.8,1
C0241,P0441,6wk,42,HOOS JR,67.9,35.2,50.5,1
C0241,P0441,3mo,102,HOOS JR,81.3,28.1,62.6,0
C0241,P0441,1yr,392,HOOS JR,95.4,52.9,43.5,0
C0242,P0319,preop,-4,KOOS JR,63.5,36.6,53.5,1
C0242,P0319,6wk,,KOOS JR,,,,
C0242,P0319,3mo,88,KOOS JR,60.6,49.5,40.9,0
C0242,P0319,1yr,365,KOOS JR,80,46.7,50.8,1
C0243,P0314,preop,-7,KOOS JR,36.5,25.3,50.8,1
C0243,P0314,6wk,43,KOOS JR,43.5,41.8,42,1
C0243,P0314,3mo,,KOOS JR,,,,
C0243,P0314,1yr,388,KOOS JR,72.9,41.6,45.9,0
C0244,P0266,preop,,KOOS JR,,,,
C0244,P0266,6wk,42,KOOS JR,74.2,44.1,57.1,1
C0244,P0266,3mo,90,KOOS JR,67.1,29.9,60.6,1
C0244,P0266,1yr,365,KOOS JR,93,54.4,44.1,0
C0245,P0404,preop,-14,HOOS JR,54.7,29,52.1,1
C0245,P0404,6wk,42,HOOS JR,63,28.5,51.2,1
C0245,P0404,3mo,92,HOOS JR,90,45.7,64.5,0
C0245,P0404,1yr,338,HOOS JR,97.9,44.9,57,1
C0246,P0456,preop,-18,HOOS JR,47.2,33.7,53.2,1
C0246,P0456,6wk,44,HOOS JR,78.5,33.7,41.5,0
C0246,P0456,3mo,89,HOOS JR,86.7,51.4,49.9,0
C0246,P0456,1yr,365,HOOS JR,98,38.4,60.7,0
C0247,P0150,preop,-2,HOOS JR,32.7,32.7,49.4,0
C0247,P0150,6wk,38,HOOS JR,83,36.1,51.5,1
C0247,P0150,3mo,,HOOS JR,,,,
C0247,P0150,1yr,,HOOS JR,,,,
C0248,P0274,preop,-14,KOOS JR,54.1,32,48.3,0
C0248,P0274,6wk,36,KOOS JR,70.1,29.3,28,1
C0248,P0274,3mo,92,KOOS JR,84,44.3,53.2,0
C0248,P0274,1yr,,KOOS JR,,,,
C0249,P0520,preop,-17,KOOS JR,31.4,27.9,52.9,0
C0249,P0520,6wk,45,KOOS JR,45.3,39.8,44.8,0
C0249,P0520,3mo,90,KOOS JR,47.3,44.6,55.9,0
C0249,P0520,1yr,,KOOS JR,,,,
C0250,P0371,preop,-16,KOOS JR,46.5,26.7,53.8,1
C0250,P0371,6wk,36,KOOS JR,67.7,33.8,56.7,0
C0250,P0371,3mo,90,KOOS JR,88.9,48.3,54.1,0
C0250,P0371,1yr,365,KOOS JR,90.9,44.6,40,0
C0251,P0153,preop,-7,HOOS JR,40.2,30,56.6,1
C0251,P0153,6wk,42,HOOS JR,70.3,51.5,51.3,1
C0251,P0153,3mo,85,HOOS JR,80.8,46.4,55.9,0
C0251,P0153,1yr,385,HOOS JR,91.2,47,61.1,0
C0252,P0518,preop,-7,KOOS JR,28.2,29.3,47.8,0
C0252,P0518,6wk,47,KOOS JR,64.2,30,50.6,0
C0252,P0518,3mo,90,KOOS JR,79,33.6,41.4,0
C0252,P0518,1yr,387,KOOS JR,95,40.7,65.6,0
C0253,P0440,preop,-27,KOOS JR,63.6,35.8,61.8,0
C0253,P0440,6wk,,KOOS JR,,,,
C0253,P0440,3mo,79,KOOS JR,77.7,35.1,35.1,0
C0253,P0440,1yr,365,KOOS JR,81,35.8,57.7,0
C0254,P0167,preop,-14,KOOS JR,35.6,28.6,45.2,0
C0254,P0167,6wk,45,KOOS JR,55.8,31.2,43.9,1
C0254,P0167,3mo,90,KOOS JR,42.5,47.7,50.9,0
C0254,P0167,1yr,,KOOS JR,,,,
C0255,P0452,preop,-17,HOOS JR,52.5,27.1,24.1,0
C0255,P0452,6wk,39,HOOS JR,69.7,27.5,58.4,1
C0255,P0452,3mo,78,HOOS JR,85.5,27.3,53.8,0
C0255,P0452,1yr,365,HOOS JR,100,41.9,51.6,0
C0256,P0031,preop,-4,KOOS JR,52.7,36.4,42.2,0
C0256,P0031,6wk,36,KOOS JR,63.4,31.3,57.3,1
C0256,P0031,3mo,82,KOOS JR,89.1,40.8,41.5,0
C0256,P0031,1yr,390,KOOS JR,100,53.2,58.7,0
C0257,P0010,preop,-4,HOOS JR,39.6,31.9,58.7,1
C0257,P0010,6wk,42,HOOS JR,58,28.2,56.2,1
C0257,P0010,3mo,101,HOOS JR,70.7,38.8,65,0
C0257,P0010,1yr,344,HOOS JR,67.1,32,43.5,0
C0258,P0006,preop,-7,KOOS JR,55.9,27.8,38.6,0
C0258,P0006,6wk,42,KOOS JR,73.1,36.5,36,0
C0258,P0006,3mo,,KOOS JR,,,,
C0258,P0006,1yr,375,KOOS JR,74,34.5,49.5,0
C0259,P0260,preop,-6,KOOS JR,46.5,31.9,62.8,0
C0259,P0260,6wk,,KOOS JR,,,,
C0259,P0260,3mo,82,KOOS JR,71.6,40,65.8,0
C0259,P0260,1yr,386,KOOS JR,93,59.1,56.5,0
C0260,P0442,preop,-8,KOOS JR,36.5,30.4,63.4,0
C0260,P0442,6wk,42,KOOS JR,63.9,38.6,36.5,1
C0260,P0442,3mo,,KOOS JR,,,,
C0260,P0442,1yr,387,KOOS JR,100,52.3,45,0
C0261,P0473,preop,,KOOS JR,,,,
C0261,P0473,6wk,44,KOOS JR,64.8,37.1,36.9,1
C0261,P0473,3mo,90,KOOS JR,82.9,51.5,49.9,1
C0261,P0473,1yr,365,KOOS JR,100,55.9,43.8,0
C0262,P0025,preop,-14,HOOS JR,72.4,40.2,57.7,0
C0262,P0025,6wk,47,HOOS JR,70.6,36,51.9,1
C0262,P0025,3mo,97,HOOS JR,93.5,50,69.2,0
C0262,P0025,1yr,346,HOOS JR,100,45.7,52.4,0
C0263,P0187,preop,-3,KOOS JR,60.6,30,57.2,0
C0263,P0187,6wk,40,KOOS JR,61.9,32.1,52.4,0
C0263,P0187,3mo,90,KOOS JR,72.7,33.6,53.7,1
C0263,P0187,1yr,344,KOOS JR,75.3,34.2,61.1,0
C0264,P0480,preop,-18,HOOS JR,52.6,32.3,59.2,1
C0264,P0480,6wk,43,HOOS JR,77.8,36.2,30,1
C0264,P0480,3mo,,HOOS JR,,,,
C0264,P0480,1yr,,HOOS JR,,,,
C0265,P0394,preop,-4,KOOS JR,43.1,18.6,53,1
C0265,P0394,6wk,36,KOOS JR,61.1,32.6,58.9,0
C0265,P0394,3mo,103,KOOS JR,88,50.2,51.1,1
C0265,P0394,1yr,379,KOOS JR,100,40.3,58,0
C0266,P0428,preop,-14,KOOS JR,32.2,27.1,60.3,0
C0266,P0428,6wk,46,KOOS JR,61.3,32,40.5,0
C0266,P0428,3mo,90,KOOS JR,70.5,40.1,49.9,1
C0266,P0428,1yr,365,KOOS JR,84.6,33.6,62.1,0
C0267,P0121,preop,-15,KOOS JR,54,26.8,42.8,0
C0267,P0121,6wk,42,KOOS JR,74.1,31.3,46.6,0
C0267,P0121,3mo,79,KOOS JR,87.5,62.2,52.2,0
C0267,P0121,1yr,389,KOOS JR,99.8,47.8,58.7,0
C0268,P0116,preop,-14,KOOS JR,48,30.8,53.4,1
C0268,P0116,6wk,42,KOOS JR,61.6,37.4,46.2,1
C0268,P0116,3mo,99,KOOS JR,71.6,31.1,62.3,1
C0268,P0116,1yr,389,KOOS JR,91.8,54.1,49.9,1
C0269,P0169,preop,-9,HOOS JR,27.9,23.6,50.3,1
C0269,P0169,6wk,42,HOOS JR,61.3,30.6,51.3,1
C0269,P0169,3mo,91,HOOS JR,78.5,34.5,45.7,1
C0269,P0169,1yr,,HOOS JR,,,,
C0270,P0349,preop,-6,KOOS JR,67.8,35.5,55,1
C0270,P0349,6wk,42,KOOS JR,65,43.9,36.2,0
C0270,P0349,3mo,103,KOOS JR,79.7,43.7,45.4,1
C0270,P0349,1yr,348,KOOS JR,85.5,47.3,44.6,0
C0271,P0105,preop,-4,KOOS JR,68.3,32.4,48.8,1
C0271,P0105,6wk,,KOOS JR,,,,
C0271,P0105,3mo,90,KOOS JR,72.5,33.1,41.3,0
C0271,P0105,1yr,365,KOOS JR,87.2,49.1,67,0
C0272,P0336,preop,-1,KOOS JR,46.5,39.2,45.4,1
C0272,P0336,6wk,42,KOOS JR,61.2,32.2,49.4,0
C0272,P0336,3mo,90,KOOS JR,89.4,58.7,53.9,0
C0272,P0336,1yr,363,KOOS JR,91.8,44.9,65.2,0
C0273,P0403,preop,-14,KOOS JR,40.9,32.1,35.5,0
C0273,P0403,6wk,46,KOOS JR,45,26.6,57.1,1
C0273,P0403,3mo,,KOOS JR,,,,
C0273,P0403,1yr,,KOOS JR,,,,
C0274,P0052,preop,-14,HOOS JR,58.8,26.6,48.3,1
C0274,P0052,6wk,40,HOOS JR,92.4,36.6,58.9,1
C0274,P0052,3mo,87,HOOS JR,100,38.4,42,1
C0274,P0052,1yr,,HOOS JR,,,,
C0275,P0175,preop,-14,KOOS JR,42.1,34.6,36.6,0
C0275,P0175,6wk,45,KOOS JR,69.6,35.2,51.8,0
C0275,P0175,3mo,95,KOOS JR,86.2,48.4,57.8,1
C0275,P0175,1yr,388,KOOS JR,77,47.1,41.5,0
C0276,P0093,preop,-15,HOOS JR,57,40.4,54,1
C0276,P0093,6wk,46,HOOS JR,62.8,25.6,70.1,0
C0276,P0093,3mo,,HOOS JR,,,,
C0276,P0093,1yr,352,HOOS JR,87.1,54.4,55.5,0
C0277,P0400,preop,-14,KOOS JR,51.2,31.6,68.4,0
C0277,P0400,6wk,41,KOOS JR,60,36.3,60.2,1
C0277,P0400,3mo,77,KOOS JR,76.4,43.2,47.8,1
C0277,P0400,1yr,392,KOOS JR,90,47.2,49,0
C0278,P0189,preop,-13,HOOS JR,33.9,24.6,49,1
C0278,P0189,6wk,42,HOOS JR,60.2,36.8,51.2,1
C0278,P0189,3mo,99,HOOS JR,49.9,33.6,46.5,1
C0278,P0189,1yr,365,HOOS JR,51.8,38.5,39.4,0
C0279,P0248,preop,-13,KOOS JR,32.1,23.6,48.7,0
C0279,P0248,6wk,42,KOOS JR,53.3,35.1,41.4,1
C0279,P0248,3mo,77,KOOS JR,44.7,26.7,43.8,0
C0279,P0248,1yr,390,KOOS JR,89.9,45,61.1,1
C0280,P0122,preop,-5,KOOS JR,40.3,32.4,36.2,1
C0280,P0122,6wk,42,KOOS JR,55.1,46.1,47.2,1
C0280,P0122,3mo,95,KOOS JR,67.8,42.6,58.2,0
C0280,P0122,1yr,370,KOOS JR,70.2,47.3,46.7,0
C0281,P0240,preop,-25,KOOS JR,50.9,41.7,48.1,0
C0281,P0240,6wk,42,KOOS JR,62.1,41.2,60.1,1
C0281,P0240,3mo,103,KOOS JR,68.9,39.8,43,1
C0281,P0240,1yr,365,KOOS JR,88.1,43,55.3,0
C0282,P0290,preop,-27,KOOS JR,54.2,23.3,56.8,0
C0282,P0290,6wk,38,KOOS JR,58,30.5,43.8,0
C0282,P0290,3mo,88,KOOS JR,65.1,33.5,47.5,0
C0282,P0290,1yr,365,KOOS JR,100,50.2,58.9,0
C0283,P0091,preop,-14,KOOS JR,46.2,41.1,60.5,1
C0283,P0091,6wk,44,KOOS JR,55.2,35.9,40.9,0
C0283,P0091,3mo,90,KOOS JR,86,49.4,47.4,1
C0283,P0091,1yr,365,KOOS JR,82.2,39.2,57,0
C0284,P0100,preop,-25,HOOS JR,53.8,25.5,55.6,0
C0284,P0100,6wk,,HOOS JR,,,,
C0284,P0100,3mo,90,HOOS JR,88.4,33.6,47.5,0
C0284,P0100,1yr,365,HOOS JR,100,55.3,59,0
C0285,P0417,preop,-14,HOOS JR,30.5,28.3,54.2,1
C0285,P0417,6wk,46,HOOS JR,59.4,40.5,50,1
C0285,P0417,3mo,,HOOS JR,,,,
C0285,P0417,1yr,369,HOOS JR,92.1,42.6,45.4,0
C0286,P0224,preop,-14,HOOS JR,30.9,40.1,41.8,1
C0286,P0224,6wk,35,HOOS JR,76.3,40.8,64.7,0
C0286,P0224,3mo,90,HOOS JR,66.5,31.5,57.7,0
C0286,P0224,1yr,349,HOOS JR,100,36.8,63.8,1
C0287,P0406,preop,-4,KOOS JR,60.2,29.9,55.7,0
C0287,P0406,6wk,45,KOOS JR,54.1,43,55.4,1
C0287,P0406,3mo,90,KOOS JR,61.3,35.8,36.1,0
C0287,P0406,1yr,365,KOOS JR,92.8,38.2,57.7,0
C0288,P0328,preop,-24,KOOS JR,35.9,23.6,61.9,0
C0288,P0328,6wk,42,KOOS JR,50.8,31.3,39.3,0
C0288,P0328,3mo,81,KOOS JR,83.1,50.3,67.6,0
C0288,P0328,1yr,,KOOS JR,,,,
C0289,P0232,preop,-14,KOOS JR,45.6,25.4,37.6,1
C0289,P0232,6wk,42,KOOS JR,48.9,31.8,40.1,1
C0289,P0232,3mo,,KOOS JR,,,,
C0289,P0232,1yr,,KOOS JR,,,,
C0290,P0307,preop,-5,HOOS JR,45.9,38.9,50.3,1
C0290,P0307,6wk,42,HOOS JR,48.6,36.9,53.8,1
C0290,P0307,3mo,82,HOOS JR,67.1,44.4,56.9,0
C0290,P0307,1yr,337,HOOS JR,75.2,47.4,56.1,0
C0291,P0195,preop,-18,KOOS JR,37.4,43,60,0
C0291,P0195,6wk,42,KOOS JR,72,33.4,50.1,0
C0291,P0195,3mo,80,KOOS JR,68.2,39.8,51,0
C0291,P0195,1yr,390,KOOS JR,76.8,34.9,44.1,0
C0292,P0060,preop,-14,KOOS JR,39,29,45.1,1
C0292,P0060,6wk,42,KOOS JR,65.6,42.5,50.2,0
C0292,P0060,3mo,,KOOS JR,,,,
C0292,P0060,1yr,365,KOOS JR,87,48,51.3,0
C0293,P0283,preop,-13,KOOS JR,30.4,39.8,49.7,1
C0293,P0283,6wk,,KOOS JR,,,,
C0293,P0283,3mo,,KOOS JR,,,,
C0293,P0283,1yr,365,KOOS JR,62.5,37.1,45.7,0
C0294,P0489,preop,-7,HOOS JR,65.6,25,60.1,0
C0294,P0489,6wk,46,HOOS JR,77.8,37.1,56,0
C0294,P0489,3mo,87,HOOS JR,100,35.5,46.4,0
C0294,P0489,1yr,391,HOOS JR,100,39.4,58.6,0
C0295,P0458,preop,-14,HOOS JR,21.8,24.2,55.5,1
C0295,P0458,6wk,47,HOOS JR,52.4,32.5,56.1,0
C0295,P0458,3mo,,HOOS JR,,,,
C0295,P0458,1yr,,HOOS JR,,,,
C0296,P0365,preop,-4,KOOS JR,68.7,27.3,46.9,0
C0296,P0365,6wk,42,KOOS JR,69.9,46.1,39.8,1
C0296,P0365,3mo,90,KOOS JR,83.6,38.5,54,0
C0296,P0365,1yr,365,KOOS JR,92.2,51.6,42.3,0
C0297,P0304,preop,-13,KOOS JR,60.1,34.2,49.9,1
C0297,P0304,6wk,,KOOS JR,,,,
C0297,P0304,3mo,90,KOOS JR,78,48.2,46,0
C0297,P0304,1yr,358,KOOS JR,75.6,45.5,49.3,0
C0298,P0368,preop,-14,HOOS JR,52.6,37.5,46,0
C0298,P0368,6wk,,HOOS JR,,,,
C0298,P0368,3mo,79,HOOS JR,79.6,46.5,47.5,1
C0298,P0368,1yr,,HOOS JR,,,,
C0299,P0385,preop,-3,HOOS JR,31.2,33.6,44.5,0
C0299,P0385,6wk,,HOOS JR,,,,
C0299,P0385,3mo,94,HOOS JR,62.5,44.8,58.7,0
C0299,P0385,1yr,365,HOOS JR,73,35.8,56.8,0
C0300,P0246,preop,-14,HOOS JR,29.6,33.4,52.1,1
C0300,P0246,6wk,38,HOOS JR,79.8,38.5,59,1
C0300,P0246,3mo,89,HOOS JR,81,55,51,0
C0300,P0246,1yr,377,HOOS JR,88,39.2,72,0
C0301,P0355,preop,-2,KOOS JR,42.4,25.4,56.7,0
C0301,P0355,6wk,35,KOOS JR,47.4,32.7,57.3,1
C0301,P0355,3mo,90,KOOS JR,62.4,33.3,60,0
C0301,P0355,1yr,,KOOS JR,,,,
C0302,P0119,preop,-23,HOOS JR,47.8,34.3,47.2,1
C0302,P0119,6wk,35,HOOS JR,57.1,35.4,51.8,1
C0302,P0119,3mo,81,HOOS JR,68.6,51.2,49.1,0
C0302,P0119,1yr,,HOOS JR,,,,
C0303,P0055,preop,-5,HOOS JR,65.6,37.8,56.2,0
C0303,P0055,6wk,42,HOOS JR,64.7,36.7,43.2,0
C0303,P0055,3mo,81,HOOS JR,73.5,30.5,57.6,0
C0303,P0055,1yr,344,HOOS JR,100,43.3,49.9,1
C0304,P0333,preop,-19,KOOS JR,39.7,17.9,50.3,0
C0304,P0333,6wk,43,KOOS JR,45.3,27.9,50.1,1
C0304,P0333,3mo,,KOOS JR,,,,
C0304,P0333,1yr,365,KOOS JR,75.3,44.3,57.1,0
C0305,P0501,preop,-12,KOOS JR,59.2,21.9,38.4,0
C0305,P0501,6wk,42,KOOS JR,70.3,31.5,38.7,0
C0305,P0501,3mo,89,KOOS JR,62.6,28.3,53.2,0
C0305,P0501,1yr,,KOOS JR,,,,
C0306,P0217,preop,-14,KOOS JR,35.1,25.9,52,1
C0306,P0217,6wk,42,KOOS JR,63.6,38,46.7,1
C0306,P0217,3mo,,KOOS JR,,,,
C0306,P0217,1yr,365,KOOS JR,88.2,48.8,64.2,0
C0307,P0208,preop,-14,HOOS JR,33.3,27.6,59.8,0
C0307,P0208,6wk,38,HOOS JR,65.1,39.5,32.4,0
C0307,P0208,3mo,90,HOOS JR,68,29.5,40.4,0
C0307,P0208,1yr,365,HOOS JR,80.2,39.9,65.9,0
C0308,P0254,preop,-19,HOOS JR,53.2,27.7,51.4,0
C0308,P0254,6wk,42,HOOS JR,80.6,37.6,74.4,0
C0308,P0254,3mo,90,HOOS JR,100,43.1,56.7,0
C0308,P0254,1yr,,HOOS JR,,,,
C0309,P0472,preop,-14,HOOS JR,54.2,29.9,49.5,1
C0309,P0472,6wk,44,HOOS JR,68.4,30.6,40.6,1
C0309,P0472,3mo,,HOOS JR,,,,
C0309,P0472,1yr,,HOOS JR,,,,
C0310,P0465,preop,-9,HOOS JR,54,20.6,45.8,0
C0310,P0465,6wk,47,HOOS JR,71.2,39.2,50.3,1
C0310,P0465,3mo,90,HOOS JR,96.6,42.1,40.6,0
C0310,P0465,1yr,,HOOS JR,,,,
C0311,P0172,preop,-9,HOOS JR,58.6,33.5,47.2,1
C0311,P0172,6wk,42,HOOS JR,76.8,28,58.5,1
C0311,P0172,3mo,99,HOOS JR,96.5,43.9,50.3,1
C0311,P0172,1yr,,HOOS JR,,,,
C0312,P0262,preop,-3,KOOS JR,45.4,21.1,54,0
C0312,P0262,6wk,42,KOOS JR,59.7,33.8,51.3,0
C0312,P0262,3mo,85,KOOS JR,75.9,40.9,61.5,0
C0312,P0262,1yr,365,KOOS JR,83.4,52.1,39.9,0
C0313,P0042,preop,-14,KOOS JR,35.2,38.6,61.3,0
C0313,P0042,6wk,49,KOOS JR,66.2,35.3,76.1,1
C0313,P0042,3mo,91,KOOS JR,73.2,38.6,35,0
C0313,P0042,1yr,357,KOOS JR,76.9,42.4,58.9,1
C0314,P0306,preop,-14,KOOS JR,58,22.2,68,0
C0314,P0306,6wk,,KOOS JR,,,,
C0314,P0306,3mo,100,KOOS JR,81.7,48.7,55.6,0
C0314,P0306,1yr,365,KOOS JR,95.1,44.5,60.8,0
C0315,P0417,preop,-2,HOOS JR,39.2,31,41.1,1
C0315,P0417,6wk,45,HOOS JR,64.1,35.6,52,1
C0315,P0417,3mo,85,HOOS JR,74,36.8,45,0
C0315,P0417,1yr,355,HOOS JR,89.6,34,50.6,0
C0316,P0005,preop,-8,HOOS JR,58.4,42.8,44.2,1
C0316,P0005,6wk,42,HOOS JR,75.9,36.4,57.9,1
C0316,P0005,3mo,88,HOOS JR,70.7,46.7,53.2,0
C0316,P0005,1yr,391,HOOS JR,57.8,33.7,50.4,0
C0317,P0160,preop,-20,HOOS JR,52.3,33.3,47.5,0
C0317,P0160,6wk,42,HOOS JR,56.8,33.9,40.6,0
C0317,P0160,3mo,90,HOOS JR,78.8,34.5,63.7,0
C0317,P0160,1yr,,HOOS JR,,,,
C0318,P0086,preop,-14,KOOS JR,48.1,26.2,59.3,1
C0318,P0086,6wk,38,KOOS JR,55.2,39.3,49.5,0
C0318,P0086,3mo,88,KOOS JR,69.5,41.8,52,1
C0318,P0086,1yr,,KOOS JR,,,,
C0319,P0219,preop,-16,KOOS JR,43.9,23.5,54.2,0
C0319,P0219,6wk,42,KOOS JR,62.7,34.9,60.3,1
C0319,P0219,3mo,94,KOOS JR,99.3,39,50.5,0
C0319,P0219,1yr,365,KOOS JR,89.9,51.7,46.1,0
C0320,P0303,preop,-15,KOOS JR,70.3,34.4,45.6,1
C0320,P0303,6wk,41,KOOS JR,75.9,32.4,44,0
C0320,P0303,3mo,90,KOOS JR,81.4,47.6,65.9,1
C0320,P0303,1yr,,KOOS JR,,,,
C0321,P0251,preop,-13,KOOS JR,25.2,12.8,37.7,0
C0321,P0251,6wk,42,KOOS JR,34.3,35.9,47.9,1
C0321,P0251,3mo,90,KOOS JR,47.8,46.4,65.4,1
C0321,P0251,1yr,359,KOOS JR,63.4,37.1,50.8,0
C0322,P0053,preop,-9,KOOS JR,66.1,50.8,45.3,0
C0322,P0053,6wk,46,KOOS JR,71,35.2,46.2,1
C0322,P0053,3mo,81,KOOS JR,66.8,36.2,49.7,0
C0322,P0053,1yr,,KOOS JR,,,,
C0323,P0421,preop,-17,KOOS JR,48.7,38.4,38.6,1
C0323,P0421,6wk,42,KOOS JR,66.2,40.9,56.2,0
C0323,P0421,3mo,91,KOOS JR,66,48.6,49.2,1
C0323,P0421,1yr,,KOOS JR,,,,
C0324,P0099,preop,-14,HOOS JR,65,34.9,50.9,0
C0324,P0099,6wk,42,HOOS JR,82.8,38.7,57.5,1
C0324,P0099,3mo,100,HOOS JR,76.7,43,63.4,0
C0324,P0099,1yr,350,HOOS JR,100,42.3,58,0
C0325,P0516,preop,-26,HOOS JR,31,26.3,60.7,1
C0325,P0516,6wk,47,HOOS JR,50.7,29.4,39.7,1
C0325,P0516,3mo,,HOOS JR,,,,
C0325,P0516,1yr,340,HOOS JR,72,38.2,59.9,0
C0326,P0070,preop,-14,KOOS JR,57.3,27.6,23.2,1
C0326,P0070,6wk,42,KOOS JR,63.5,43.7,43.4,0
C0326,P0070,3mo,,KOOS JR,,,,
C0326,P0070,1yr,365,KOOS JR,94.9,45.7,43.2,0
C0327,P0184,preop,-14,KOOS JR,42.8,35.9,51.3,1
C0327,P0184,6wk,39,KOOS JR,41.6,39.7,43.8,1
C0327,P0184,3mo,90,KOOS JR,70.6,41.1,48.2,0
C0327,P0184,1yr,,KOOS JR,,,,
C0328,P0268,preop,-21,KOOS JR,45.1,28.2,45.3,0
C0328,P0268,6wk,40,KOOS JR,56.4,37.6,48.9,0
C0328,P0268,3mo,83,KOOS JR,61.5,38.3,41.1,0
C0328,P0268,1yr,338,KOOS JR,92.7,47.5,59.2,0
C0329,P0500,preop,-15,HOOS JR,28.6,40.1,59.1,1
C0329,P0500,6wk,42,HOOS JR,53.8,35.2,55.5,0
C0329,P0500,3mo,95,HOOS JR,81,34,59.2,1
C0329,P0500,1yr,361,HOOS JR,73.3,33.3,54.5,1
C0330,P0120,preop,-2,HOOS JR,26.1,27.1,59.5,0
C0330,P0120,6wk,37,HOOS JR,71.2,44,45.5,1
C0330,P0120,3mo,90,HOOS JR,92.4,50,52.1,0
C0330,P0120,1yr,,HOOS JR,,,,
C0331,P0011,preop,-22,HOOS JR,27.7,30.1,38.6,1
C0331,P0011,6wk,48,HOOS JR,58.1,34.2,55.2,0
C0331,P0011,3mo,84,HOOS JR,56.2,32.1,53,0
C0331,P0011,1yr,359,HOOS JR,96.6,39.6,22,0
C0332,P0375,preop,-23,KOOS JR,32.8,21.3,55,0
C0332,P0375,6wk,42,KOOS JR,56.1,27.6,56.9,1
C0332,P0375,3mo,83,KOOS JR,53,43.8,50.9,0
C0332,P0375,1yr,381,KOOS JR,81.7,44.6,73.8,0
C0333,P0257,preop,-14,HOOS JR,52.6,37.3,48.8,0
C0333,P0257,6wk,,HOOS JR,,,,
C0333,P0257,3mo,104,HOOS JR,80.2,40.7,42.6,0
C0333,P0257,1yr,,HOOS JR,,,,
C0334,P0301,preop,-14,KOOS JR,41.1,34.5,51.7,0
C0334,P0301,6wk,42,KOOS JR,53,26,49.7,1
C0334,P0301,3mo,82,KOOS JR,76.8,29.2,59.9,1
C0334,P0301,1yr,360,KOOS JR,58.5,52.2,65.9,0
C0335,P0386,preop,-14,HOOS JR,28.9,23,66.9,0
C0335,P0386,6wk,43,HOOS JR,55.3,33.3,62.7,1
C0335,P0386,3mo,,HOOS JR,,,,
C0335,P0386,1yr,385,HOOS JR,76.1,40.5,58.9,0
C0336,P0442,preop,-19,KOOS JR,51.1,24.8,58.6,0
C0336,P0442,6wk,42,KOOS JR,61.5,34.1,45.5,0
C0336,P0442,3mo,78,KOOS JR,61.6,44.7,52.6,0
C0336,P0442,1yr,365,KOOS JR,72.1,35.5,60,0
C0337,P0483,preop,-15,KOOS JR,52.4,28,43.1,0
C0337,P0483,6wk,39,KOOS JR,67,33.7,45.3,0
C0337,P0483,3mo,103,KOOS JR,77.5,51.6,55.2,0
C0337,P0483,1yr,365,KOOS JR,75.7,45.6,52.4,0
C0338,P0226,preop,-14,KOOS JR,55.5,31.3,44.1,0
C0338,P0226,6wk,42,KOOS JR,51.7,31.3,46.1,1
C0338,P0226,3mo,94,KOOS JR,55.3,38.4,45.1,1
C0338,P0226,1yr,360,KOOS JR,77.2,47.2,58.7,0
C0339,P0443,preop,-19,HOOS JR,66.3,31,51.5,1
C0339,P0443,6wk,42,HOOS JR,77.9,39.9,40.4,1
C0339,P0443,3mo,90,HOOS JR,100,40.8,61.6,0
C0339,P0443,1yr,365,HOOS JR,100,38,54.8,0
C0340,P0367,preop,-14,HOOS JR,47.8,32.5,45.7,0
C0340,P0367,6wk,45,HOOS JR,69.4,39.3,45.5,1
C0340,P0367,3mo,,HOOS JR,,,,
C0340,P0367,1yr,383,HOOS JR,79.1,44.9,58.5,0
C0341,P0125,preop,-17,HOOS JR,59.3,28.6,57.6,1
C0341,P0125,6wk,42,HOOS JR,72.6,35.2,52.5,1
C0341,P0125,3mo,90,HOOS JR,84,47,56.6,0
C0341,P0125,1yr,365,HOOS JR,85.3,44.1,65.1,0
C0342,P0137,preop,-3,HOOS JR,67.2,32.7,45.2,1
C0342,P0137,6wk,38,HOOS JR,77.4,37.5,54.1,0
C0342,P0137,3mo,89,HOOS JR,100,44.6,53.9,0
C0342,P0137,1yr,,HOOS JR,,,,
C0343,P0355,preop,-14,KOOS JR,38.4,30.2,69.7,0
C0343,P0355,6wk,37,KOOS JR,58,35.8,43.2,1
C0343,P0355,3mo,,KOOS JR,,,,
C0343,P0355,1yr,365,KOOS JR,68.4,42.4,63.6,0
C0344,P0054,preop,-14,KOOS JR,59.6,30.2,58.4,1
C0344,P0054,6wk,41,KOOS JR,74.3,30.6,52.5,0
C0344,P0054,3mo,87,KOOS JR,88.8,46.1,51.6,0
C0344,P0054,1yr,377,KOOS JR,100,44.8,43.7,0
C0345,P0425,preop,-17,KOOS JR,60.9,23.3,32.7,0
C0345,P0425,6wk,38,KOOS JR,55.2,30,40.7,1
C0345,P0425,3mo,,KOOS JR,,,,
C0345,P0425,1yr,,KOOS JR,,,,
C0346,P0013,preop,-14,KOOS JR,42.7,25.9,62.2,1
C0346,P0013,6wk,42,KOOS JR,61.9,35.6,46,0
C0346,P0013,3mo,94,KOOS JR,74.8,38.4,31.7,0
C0346,P0013,1yr,365,KOOS JR,82.6,45.6,51,0
C0347,P0214,preop,-2,HOOS JR,34.3,19.9,50.5,0
C0347,P0214,6wk,39,HOOS JR,59.1,38.3,46.8,1
C0347,P0214,3mo,78,HOOS JR,68.1,36.8,50.1,0
C0347,P0214,1yr,,HOOS JR,,,,
C0348,P0327,preop,-22,KOOS JR,46.2,32.2,46,0
C0348,P0327,6wk,43,KOOS JR,53.8,26.4,60.2,1
C0348,P0327,3mo,90,KOOS JR,56.5,37.1,61.6,1
C0348,P0327,1yr,,KOOS JR,,,,
C0349,P0058,preop,-9,KOOS JR,63.9,37.9,47.5,0
C0349,P0058,6wk,40,KOOS JR,67.5,43.5,47.7,0
C0349,P0058,3mo,90,KOOS JR,74.4,48.9,58.3,0
C0349,P0058,1yr,,KOOS JR,,,,
C0350,P0282,preop,-14,KOOS JR,46.8,24.3,41.2,1
C0350,P0282,6wk,42,KOOS JR,65.5,31.5,55.2,1
C0350,P0282,3mo,87,KOOS JR,79,51.4,51.3,0
C0350,P0282,1yr,365,KOOS JR,89.3,38.8,50,0
C0351,P0363,preop,-14,KOOS JR,46,38.4,42.9,1
C0351,P0363,6wk,,KOOS JR,,,,
C0351,P0363,3mo,,KOOS JR,,,,
C0351,P0363,1yr,365,KOOS JR,76.8,42.7,61.1,1
C0352,P0039,preop,-4,HOOS JR,43.2,41.9,45.1,0
C0352,P0039,6wk,39,HOOS JR,57,32.4,62,1
C0352,P0039,3mo,90,HOOS JR,88.2,35.9,55.9,0
C0352,P0039,1yr,345,HOOS JR,100,50,61.6,0
C0353,P0289,preop,-14,KOOS JR,66.2,31.8,57,1
C0353,P0289,6wk,46,KOOS JR,75.9,38.7,63.2,0
C0353,P0289,3mo,90,KOOS JR,93.9,54.2,63.8,0
C0353,P0289,1yr,391,KOOS JR,90.1,48.5,30.8,0
C0354,P0188,preop,-13,HOOS JR,39.7,30.8,45.6,0
C0354,P0188,6wk,46,HOOS JR,76.4,31.5,63,1
C0354,P0188,3mo,90,HOOS JR,76.6,45.7,56.8,0
C0354,P0188,1yr,350,HOOS JR,86.1,33.3,66.8,0
C0355,P0373,preop,-6,KOOS JR,49.3,23.6,58.2,1
C0355,P0373,6wk,39,KOOS JR,64.1,41,48.8,0
C0355,P0373,3mo,90,KOOS JR,80.2,46.2,40.8,0
C0355,P0373,1yr,361,KOOS JR,89.4,36,50.6,0
C0356,P0047,preop,-14,HOOS JR,41.3,22.3,43.9,0
C0356,P0047,6wk,,HOOS JR,,,,
C0356,P0047,3mo,,HOOS JR,,,,
C0356,P0047,1yr,,HOOS JR,,,,
C0357,P0294,preop,-22,HOOS JR,57.4,35.4,41.1,1
C0357,P0294,6wk,45,HOOS JR,80.6,42.3,43.6,0
C0357,P0294,3mo,84,HOOS JR,71.5,39.5,50.4,0
C0357,P0294,1yr,369,HOOS JR,92.2,36.5,62.3,0
C0358,P0152,preop,-14,KOOS JR,24.2,30.3,35.7,0
C0358,P0152,6wk,39,KOOS JR,66.8,45.6,49.8,0
C0358,P0152,3mo,,KOOS JR,,,,
C0358,P0152,1yr,346,KOOS JR,60.6,42,57.8,0
C0359,P0035,preop,-14,HOOS JR,38.2,31,57.2,1
C0359,P0035,6wk,37,HOOS JR,57.7,31.5,35.5,1
C0359,P0035,3mo,90,HOOS JR,67.7,40.4,63.9,0
C0359,P0035,1yr,387,HOOS JR,75.1,47.8,57.3,0
C0360,P0215,preop,,KOOS JR,,,,
C0360,P0215,6wk,47,KOOS JR,71.1,42.9,47,0
C0360,P0215,3mo,83,KOOS JR,80.9,48.2,41.5,1
C0360,P0215,1yr,,KOOS JR,,,,
C0361,P0374,preop,-7,KOOS JR,30.1,27,52.6,0
C0361,P0374,6wk,39,KOOS JR,51.9,41.8,42.2,0
C0361,P0374,3mo,78,KOOS JR,74.2,45.9,56.6,0
C0361,P0374,1yr,366,KOOS JR,95.6,51,43.7,0
C0362,P0450,preop,-20,KOOS JR,79.9,43.9,61.1,0
C0362,P0450,6wk,39,KOOS JR,76.1,31.1,45.3,1
C0362,P0450,3mo,,KOOS JR,,,,
C0362,P0450,1yr,375,KOOS JR,100,47.5,59.7,0
C0363,P0413,preop,-15,KOOS JR,38.4,36,57.8,0
C0363,P0413,6wk,42,KOOS JR,50,22.8,54.1,1
C0363,P0413,3mo,96,KOOS JR,67.9,38.9,43.6,0
C0363,P0413,1yr,367,KOOS JR,85.6,33.5,48.8,0
C0364,P0127,preop,-9,KOOS JR,58.2,37.1,48.5,0
C0364,P0127,6wk,46,KOOS JR,61.4,34.7,50.7,0
C0364,P0127,3mo,86,KOOS JR,63.7,36.4,46.6,1
C0364,P0127,1yr,387,KOOS JR,78.3,51.8,50.3,0
C0365,P0098,preop,-3,HOOS JR,47.1,36.4,34.3,0
C0365,P0098,6wk,43,HOOS JR,68.3,50.8,55.3,1
C0365,P0098,3mo,98,HOOS JR,67.1,39.9,67.3,0
C0365,P0098,1yr,365,HOOS JR,86.2,48.5,43.7,0
C0366,P0239,preop,-26,KOOS JR,48,39.9,49.7,0
C0366,P0239,6wk,43,KOOS JR,53.9,36.3,64.1,0
C0366,P0239,3mo,101,KOOS JR,64.5,45.2,50.3,0
C0366,P0239,1yr,365,KOOS JR,69.2,47.4,53.5,0
C0367,P0197,preop,-8,KOOS JR,46.7,28.9,58.9,0
C0367,P0197,6wk,42,KOOS JR,46.2,32.1,60.9,0
C0367,P0197,3mo,90,KOOS JR,56.1,32.6,37.5,0
C0367,P0197,1yr,353,KOOS JR,59,37.5,48.7,0
C0368,P0269,preop,-4,KOOS JR,56.8,36,62.1,1
C0368,P0269,6wk,35,KOOS JR,63.4,42.1,45.1,1
C0368,P0269,3mo,83,KOOS JR,78.8,43.6,65.6,0
C0368,P0269,1yr,366,KOOS JR,85.7,40.1,52,0
C0369,P0040,preop,-17,KOOS JR,58.9,22.6,50.6,1
C0369,P0040,6wk,45,KOOS JR,62.3,37.9,45.3,0
C0369,P0040,3mo,93,KOOS JR,81.1,38.2,39,0
C0369,P0040,1yr,350,KOOS JR,82.9,46.7,50.5,0
C0370,P0100,preop,-10,HOOS JR,52.9,39.1,48.4,0
C0370,P0100,6wk,38,HOOS JR,82,38.9,49.7,0
C0370,P0100,3mo,,HOOS JR,,,,
C0370,P0100,1yr,,HOOS JR,,,,
C0371,P0075,preop,-2,HOOS JR,57,32.5,56.4,0
C0371,P0075,6wk,44,HOOS JR,79.4,40.2,42.7,0
C0371,P0075,3mo,79,HOOS JR,87.6,44.2,37.1,0
C0371,P0075,1yr,,HOOS JR,,,,
C0372,P0322,preop,-14,HOOS JR,57.7,27,51.6,1
C0372,P0322,6wk,43,HOOS JR,84.6,41.9,59.2,1
C0372,P0322,3mo,,HOOS JR,,,,
C0372,P0322,1yr,345,HOOS JR,100,49.9,43.9,0
C0373,P0102,preop,-14,KOOS JR,54.1,22.5,54.2,0
C0373,P0102,6wk,47,KOOS JR,75.3,28.5,50.9,1
C0373,P0102,3mo,,KOOS JR,,,,
C0373,P0102,1yr,365,KOOS JR,100,47.3,62.2,0
C0374,P0327,preop,-23,KOOS JR,37.6,29.9,56,1
C0374,P0327,6wk,42,KOOS JR,51.6,26.6,63.1,1
C0374,P0327,3mo,80,KOOS JR,82.4,42.8,39.4,0
C0374,P0327,1yr,365,KOOS JR,76.5,43.1,73.1,0
C0375,P0385,preop,-14,HOOS JR,43.9,42.8,36.7,0
C0375,P0385,6wk,49,HOOS JR,70.3,32.7,40.1,0
C0375,P0385,3mo,90,HOOS JR,79.9,44,55.7,0
C0375,P0385,1yr,,HOOS JR,,,,
C0376,P0465,preop,-14,HOOS JR,16.6,24.8,43.3,0
C0376,P0465,6wk,42,HOOS JR,55.7,29.9,55.1,1
C0376,P0465,3mo,88,HOOS JR,82.6,31.2,54.4,0
C0376,P0465,1yr,,HOOS JR,,,,
C0377,P0037,preop,-11,HOOS JR,48,17.6,63.7,1
C0377,P0037,6wk,,HOOS JR,,,,
C0377,P0037,3mo,,HOOS JR,,,,
C0377,P0037,1yr,,HOOS JR,,,,
C0378,P0020,preop,-14,HOOS JR,38.5,24.8,51.7,0
C0378,P0020,6wk,47,HOOS JR,64.2,39.9,36.4,1
C0378,P0020,3mo,90,HOOS JR,74.3,36.7,47.2,0
C0378,P0020,1yr,365,HOOS JR,100,51.2,50,0
C0379,P0412,preop,-14,KOOS JR,69.1,40.3,46.7,1
C0379,P0412,6wk,38,KOOS JR,66.7,38.4,56.2,0
C0379,P0412,3mo,94,KOOS JR,91.1,47.2,59.8,0
C0379,P0412,1yr,365,KOOS JR,78.5,36.7,58.9,1
C0380,P0300,preop,-4,KOOS JR,46.1,31.6,57.1,1
C0380,P0300,6wk,,KOOS JR,,,,
C0380,P0300,3mo,84,KOOS JR,82.9,47.6,65.1,0
C0380,P0300,1yr,361,KOOS JR,100,51.2,54.4,0
C0381,P0351,preop,-2,KOOS JR,33.2,33.2,48.9,1
C0381,P0351,6wk,,KOOS JR,,,,
C0381,P0351,3mo,86,KOOS JR,67.7,37,43.4,0
C0381,P0351,1yr,350,KOOS JR,69.1,41,64.9,0
C0382,P0261,preop,-14,KOOS JR,42.1,25.7,32.4,0
C0382,P0261,6wk,43,KOOS JR,71.9,29,42.1,0
C0382,P0261,3mo,99,KOOS JR,79.1,41.6,53.8,0
C0382,P0261,1yr,,KOOS JR,,,,
C0383,P0461,preop,-26,KOOS JR,55.3,30,55.8,1
C0383,P0461,6wk,36,KOOS JR,44.9,31.5,53.2,0
C0383,P0461,3mo,85,KOOS JR,70.1,40.2,57.2,1
C0383,P0461,1yr,365,KOOS JR,82.3,46.2,67.7,1
C0384,P0347,preop,-1,HOOS JR,62.4,21.9,51.4,1
C0384,P0347,6wk,42,HOOS JR,70.6,28.5,45.3,1
C0384,P0347,3mo,90,HOOS JR,88.5,42.1,20.5,0
C0384,P0347,1yr,393,HOOS JR,100,41.5,60.4,0
C0385,P0395,preop,-2,KOOS JR,49.4,30.6,52.4,1
C0385,P0395,6wk,39,KOOS JR,52.5,30.4,51.4,1
C0385,P0395,3mo,78,KOOS JR,92.5,41.6,55.2,0
C0385,P0395,1yr,,KOOS JR,,,,
C0386,P0470,preop,-14,KOOS JR,49.6,31.6,63.4,0
C0386,P0470,6wk,48,KOOS JR,60.1,30.8,41.9,1
C0386,P0470,3mo,91,KOOS JR,98.4,37.8,58.8,1
C0386,P0470,1yr,369,KOOS JR,94.1,44.3,35.4,0
C0387,P0035,preop,-16,HOOS JR,61.1,30.7,48,0
C0387,P0035,6wk,48,HOOS JR,58.6,21.1,53.5,1
C0387,P0035,3mo,102,HOOS JR,73.9,33.3,60.9,0
C0387,P0035,1yr,,HOOS JR,,,,
C0388,P0418,preop,-14,HOOS JR,74.1,33.2,48.8,0
C0388,P0418,6wk,42,HOOS JR,69,25.2,62.1,0
C0388,P0418,3mo,,HOOS JR,,,,
C0388,P0418,1yr,365,HOOS JR,100,52.4,51.8,0
C0389,P0341,preop,-4,HOOS JR,40.2,38.2,64.2,0
C0389,P0341,6wk,39,HOOS JR,82.3,42.8,49.9,0
C0389,P0341,3mo,90,HOOS JR,74.3,41.1,59,0
C0389,P0341,1yr,340,HOOS JR,100,54.5,45.7,0
C0390,P0421,preop,-6,KOOS JR,46.7,26.9,54.8,1
C0390,P0421,6wk,37,KOOS JR,55.2,24.3,40,1
C0390,P0421,3mo,93,KOOS JR,69.4,41.8,53.7,0
C0390,P0421,1yr,365,KOOS JR,69.6,38.7,38.8,0
C0391,P0125,preop,-14,HOOS JR,41.4,26.6,48.7,0
C0391,P0125,6wk,,HOOS JR,,,,
C0391,P0125,3mo,,HOOS JR,,,,
C0391,P0125,1yr,,HOOS JR,,,,
C0392,P0241,preop,-12,KOOS JR,38.1,20.8,43.8,1
C0392,P0241,6wk,42,KOOS JR,39.1,44.5,58.8,1
C0392,P0241,3mo,89,KOOS JR,54.2,44.1,45.2,0
C0392,P0241,1yr,365,KOOS JR,55.9,42,62.9,0
C0393,P0321,preop,-14,KOOS JR,72.4,36.2,41,0
C0393,P0321,6wk,40,KOOS JR,86.3,37.7,42.7,0
C0393,P0321,3mo,92,KOOS JR,85.3,42.9,55.6,1
C0393,P0321,1yr,365,KOOS JR,82.1,49.1,72.5,0
C0394,P0077,preop,-14,KOOS JR,30.6,30.6,57.9,0
C0394,P0077,6wk,,KOOS JR,,,,
C0394,P0077,3mo,90,KOOS JR,71.9,32.8,49.8,1
C0394,P0077,1yr,,KOOS JR,,,,
C0395,P0254,preop,-4,HOOS JR,36.3,24.9,52.5,1
C0395,P0254,6wk,,HOOS JR,,,,
C0395,P0254,3mo,90,HOOS JR,63.2,47.8,35.8,0
C0395,P0254,1yr,354,HOOS JR,80.9,45.5,54.7,0
C0396,P0143,preop,-15,KOOS JR,53.4,26.2,39.4,1
C0396,P0143,6wk,44,KOOS JR,47.1,30.1,61.1,0
C0396,P0143,3mo,90,KOOS JR,81.9,40.6,61.9,0
C0396,P0143,1yr,390,KOOS JR,76.4,51.1,43.3,0
C0397,P0021,preop,-24,KOOS JR,46.2,33.4,41.2,0
C0397,P0021,6wk,42,KOOS JR,72.3,41.8,65.9,1
C0397,P0021,3mo,96,KOOS JR,79.7,31.5,40.5,0
C0397,P0021,1yr,,KOOS JR,,,,
C0398,P0294,preop,-7,HOOS JR,33.9,25.6,48.4,0
C0398,P0294,6wk,42,HOOS JR,52.8,32.9,48.4,1
C0398,P0294,3mo,90,HOOS JR,59.8,38.6,48.9,1
C0398,P0294,1yr,368,HOOS JR,80.1,37,45.5,1
C0399,P0073,preop,-17,KOOS JR,75,39.4,50.2,0
C0399,P0073,6wk,,KOOS JR,,,,
C0399,P0073,3mo,104,KOOS JR,100,44.7,46.1,0
C0399,P0073,1yr,393,KOOS JR,93.7,55.2,58.3,0
C0400,P0455,preop,-4,KOOS JR,72.4,26.9,35.8,0
C0400,P0455,6wk,40,KOOS JR,68.4,34.5,41.8,1
C0400,P0455,3mo,82,KOOS JR,80.3,44.9,60.2,0
C0400,P0455,1yr,364,KOOS JR,89.7,55.6,50.2,0
C0401,P0137,preop,-14,HOOS JR,61.9,25.6,43.5,0
C0401,P0137,6wk,46,HOOS JR,67.5,34.7,57.9,0
C0401,P0137,3mo,90,HOOS JR,95.2,31.9,42.1,0
C0401,P0137,1yr,366,HOOS JR,95.6,40.9,66.1,0
C0402,P0239,preop,-14,KOOS JR,26.4,28.9,44.1,1
C0402,P0239,6wk,38,KOOS JR,45.6,33.2,50.3,1
C0402,P0239,3mo,85,KOOS JR,61.1,37.1,48.8,0
C0402,P0239,1yr,386,KOOS JR,78.7,31.8,59.9,0
C0403,P0020,preop,-5,HOOS JR,60.7,25.7,50.7,0
C0403,P0020,6wk,38,HOOS JR,74.3,44,53.9,1
C0403,P0020,3mo,90,HOOS JR,77.7,49.1,39.7,0
C0403,P0020,1yr,377,HOOS JR,84.8,55.5,56.1,0
C0404,P0366,preop,-3,HOOS JR,52.9,19.7,67.1,0
C0404,P0366,6wk,47,HOOS JR,82.1,37.8,66.8,0
C0404,P0366,3mo,,HOOS JR,,,,
C0404,P0366,1yr,,HOOS JR,,,,
C0405,P0369,preop,-24,HOOS JR,40.3,25.1,48.4,1
C0405,P0369,6wk,42,HOOS JR,59.4,41.8,44.6,1
C0405,P0369,3mo,,HOOS JR,,,,
C0405,P0369,1yr,388,HOOS JR,67.6,48.5,60.9,0
C0406,P0166,preop,-6,KOOS JR,49.6,32.6,54.9,0
C0406,P0166,6wk,39,KOOS JR,68.2,16.6,48.7,1
C0406,P0166,3mo,90,KOOS JR,79.5,41.6,52.5,0
C0406,P0166,1yr,,KOOS JR,,,,
C0407,P0280,preop,-20,KOOS JR,66.6,37.1,36.8,0
C0407,P0280,6wk,42,KOOS JR,90.3,45,69.7,1
C0407,P0280,3mo,104,KOOS JR,83.1,41.9,37.8,0
C0407,P0280,1yr,,KOOS JR,,,,
C0408,P0206,preop,-20,KOOS JR,38.5,23.3,32.1,0
C0408,P0206,6wk,45,KOOS JR,62,42.6,41.2,0
C0408,P0206,3mo,,KOOS JR,,,,
C0408,P0206,1yr,337,KOOS JR,72.1,46.2,64.8,0
C0409,P0156,preop,-1,HOOS JR,66.1,40.4,42.7,0
C0409,P0156,6wk,42,HOOS JR,77.1,40,50.6,0
C0409,P0156,3mo,,HOOS JR,,,,
C0409,P0156,1yr,391,HOOS JR,100,48.9,32.2,0
C0410,P0278,preop,-14,HOOS JR,47.6,35.4,48.1,0
C0410,P0278,6wk,41,HOOS JR,55.8,38.3,54,1
C0410,P0278,3mo,86,HOOS JR,74,41.8,55.9,1
C0410,P0278,1yr,359,HOOS JR,80.8,52.2,40.9,0
C0411,P0499,preop,-14,HOOS JR,70.6,42.2,48.8,0
C0411,P0499,6wk,45,HOOS JR,59.4,28.1,61.7,1
C0411,P0499,3mo,90,HOOS JR,100,42.5,63,0
C0411,P0499,1yr,384,HOOS JR,100,51.1,53.4,0
C0412,P0182,preop,,HOOS JR,,,,
C0412,P0182,6wk,,HOOS JR,,,,
C0412,P0182,3mo,,HOOS JR,,,,
C0412,P0182,1yr,,HOOS JR,,,,
C0413,P0282,preop,-8,KOOS JR,40.8,22.4,38.3,1
C0413,P0282,6wk,42,KOOS JR,57.4,46.5,47.3,1
C0413,P0282,3mo,78,KOOS JR,77.7,42.3,52.8,0
C0413,P0282,1yr,367,KOOS JR,81.2,37.5,53.3,0
C0414,P0255,preop,-5,KOOS JR,53.3,29.9,52.2,1
C0414,P0255,6wk,43,KOOS JR,55.1,28.9,62,1
C0414,P0255,3mo,,KOOS JR,,,,
C0414,P0255,1yr,,KOOS JR,,,,
C0415,P0164,preop,-13,HOOS JR,51,43.1,24.4,1
C0415,P0164,6wk,37,HOOS JR,67.8,30.9,41.5,1
C0415,P0164,3mo,90,HOOS JR,57.6,33.6,47.7,0
C0415,P0164,1yr,354,HOOS JR,100,50.3,40.3,0
C0416,P0453,preop,-17,KOOS JR,39.6,38.9,54.6,1
C0416,P0453,6wk,49,KOOS JR,48.3,25.6,41.4,0
C0416,P0453,3mo,80,KOOS JR,56.2,40.5,32.6,0
C0416,P0453,1yr,369,KOOS JR,70.9,42.8,44.3,0
C0417,P0014,preop,-14,HOOS JR,72.4,30,57.7,1
C0417,P0014,6wk,49,HOOS JR,87.7,45.2,49.3,1
C0417,P0014,3mo,82,HOOS JR,100,51.1,48,0
C0417,P0014,1yr,355,HOOS JR,97.9,49,50.5,0
C0418,P0200,preop,-22,KOOS JR,45.9,25.3,66.2,0
C0418,P0200,6wk,42,KOOS JR,63.6,39.2,53.4,0
C0418,P0200,3mo,90,KOOS JR,62.4,44.6,37.4,0
C0418,P0200,1yr,365,KOOS JR,100,45,53.8,0
C0419,P0382,preop,-14,HOOS JR,61.2,38.6,36.9,0
C0419,P0382,6wk,49,HOOS JR,71.1,36.9,43.5,0
C0419,P0382,3mo,79,HOOS JR,81.2,33.5,58.2,0
C0419,P0382,1yr,336,HOOS JR,89.8,40.8,30.4,0
C0420,P0143,preop,-13,KOOS JR,53,33.1,59.5,1
C0420,P0143,6wk,36,KOOS JR,48.9,48.9,36.7,0
C0420,P0143,3mo,,KOOS JR,,,,
C0420,P0143,1yr,390,KOOS JR,76.6,41.1,48.6,0
C0421,P0398,preop,-14,HOOS JR,60.9,34.6,55.7,0
C0421,P0398,6wk,49,HOOS JR,68.3,34.3,64.8,1
C0421,P0398,3mo,90,HOOS JR,69.8,42.2,48.6,0
C0421,P0398,1yr,365,HOOS JR,83.7,37.5,55.3,0
C0422,P0519,preop,-18,HOOS JR,46.8,22.4,50.7,0
C0422,P0519,6wk,40,HOOS JR,71.7,39.7,57.7,1
C0422,P0519,3mo,90,HOOS JR,73.9,32.2,51.4,1
C0422,P0519,1yr,353,HOOS JR,80.8,39.2,48.5,0
C0423,P0419,preop,-14,KOOS JR,54.3,26.4,53.3,0
C0423,P0419,6wk,43,KOOS JR,89.9,33.4,47.4,1
C0423,P0419,3mo,,KOOS JR,,,,
C0423,P0419,1yr,,KOOS JR,,,,
C0424,P0054,preop,-27,KOOS JR,51,39.3,52.9,1
C0424,P0054,6wk,47,KOOS JR,62.1,40.2,65.3,1
C0424,P0054,3mo,92,KOOS JR,68.2,42.6,53,0
C0424,P0054,1yr,365,KOOS JR,72.3,41,53.5,0
C0425,P0318,preop,-24,KOOS JR,68.5,34.2,62,1
C0425,P0318,6wk,42,KOOS JR,65.4,25.3,57.1,0
C0425,P0318,3mo,90,KOOS JR,71.8,42.6,31.4,0
C0425,P0318,1yr,369,KOOS JR,84.7,48.2,52,0
C0426,P0018,preop,-3,HOOS JR,49.1,38.2,37.3,0
C0426,P0018,6wk,46,HOOS JR,71.4,31,51.2,1
C0426,P0018,3mo,96,HOOS JR,83.9,45.7,36.8,0
C0426,P0018,1yr,,HOOS JR,,,,
C0427,P0433,preop,-23,KOOS JR,44.7,33.3,66,1
C0427,P0433,6wk,37,KOOS JR,70,35.5,48,0
C0427,P0433,3mo,76,KOOS JR,67.5,34,61.4,0
C0427,P0433,1yr,365,KOOS JR,71.8,44.6,53.5,0
C0428,P0491,preop,-14,KOOS JR,52.3,28.9,49.3,0
C0428,P0491,6wk,47,KOOS JR,69.4,43.2,39.7,0
C0428,P0491,3mo,100,KOOS JR,45.7,30.4,55.5,0
C0428,P0491,1yr,,KOOS JR,,,,
C0429,P0481,preop,-14,HOOS JR,40.6,28.5,61.2,0
C0429,P0481,6wk,41,HOOS JR,53.9,38.8,49.3,1
C0429,P0481,3mo,101,HOOS JR,80.7,27.5,52.4,1
C0429,P0481,1yr,359,HOOS JR,96.9,49.9,59.6,0
C0430,P0076,preop,-14,HOOS JR,42.4,15.6,36.3,0
C0430,P0076,6wk,38,HOOS JR,55.6,39,48,1
C0430,P0076,3mo,90,HOOS JR,80.2,54.3,53.5,0
C0430,P0076,1yr,,HOOS JR,,,,
C0431,P0392,preop,-19,KOOS JR,44.7,28,44.8,1
C0431,P0392,6wk,40,KOOS JR,57.8,33.7,48,1
C0431,P0392,3mo,104,KOOS JR,75.5,49.3,38.3,0
C0431,P0392,1yr,,KOOS JR,,,,
C0432,P0001,preop,-11,HOOS JR,42.4,30.8,47.3,1
C0432,P0001,6wk,42,HOOS JR,62.8,38.8,57.5,1
C0432,P0001,3mo,79,HOOS JR,76,37,51.5,0
C0432,P0001,1yr,387,HOOS JR,86.5,49.9,55,0
C0433,P0108,preop,-14,KOOS JR,47.3,38,48.9,0
C0433,P0108,6wk,41,KOOS JR,49.8,42.2,43.5,1
C0433,P0108,3mo,,KOOS JR,,,,
C0433,P0108,1yr,395,KOOS JR,80.1,40.2,48.5,0
C0434,P0293,preop,-24,KOOS JR,60,29.1,56.6,0
C0434,P0293,6wk,42,KOOS JR,59.6,35,39.9,1
C0434,P0293,3mo,78,KOOS JR,92.8,45,51,0
C0434,P0293,1yr,379,KOOS JR,92.4,42,57.4,0
C0435,P0504,preop,-3,KOOS JR,45.6,34.4,40.6,0
C0435,P0504,6wk,49,KOOS JR,56.2,31.1,40.3,0
C0435,P0504,3mo,82,KOOS JR,66.8,36.1,59.1,0
C0435,P0504,1yr,375,KOOS JR,66.7,37.5,46.7,0
C0436,P0513,preop,-26,KOOS JR,62.2,33.5,37.9,1
C0436,P0513,6wk,40,KOOS JR,58.3,26.6,56.1,0
C0436,P0513,3mo,101,KOOS JR,72.5,37.8,53.7,1
C0436,P0513,1yr,,KOOS JR,,,,
C0437,P0134,preop,-14,HOOS JR,40.9,22.1,45.4,0
C0437,P0134,6wk,,HOOS JR,,,,
C0437,P0134,3mo,,HOOS JR,,,,
C0437,P0134,1yr,365,HOOS JR,96.2,52.5,47.4,0
C0438,P0222,preop,-8,KOOS JR,72.9,44.9,51,1
C0438,P0222,6wk,49,KOOS JR,78.6,43.4,55.9,0
C0438,P0222,3mo,,KOOS JR,,,,
C0438,P0222,1yr,365,KOOS JR,92.9,49.5,47.6,0
C0439,P0264,preop,-13,KOOS JR,51.2,29.9,51.4,0
C0439,P0264,6wk,38,KOOS JR,59.8,33.8,52.9,1
C0439,P0264,3mo,93,KOOS JR,75.7,39,48.2,1
C0439,P0264,1yr,385,KOOS JR,89.4,50.9,48.7,0
C0440,P0083,preop,-14,HOOS JR,40.4,37.5,56.7,1
C0440,P0083,6wk,39,HOOS JR,73.8,35,42.8,1
C0440,P0083,3mo,90,HOOS JR,95.1,40.2,51.7,1
C0440,P0083,1yr,359,HOOS JR,100,47.6,61,1
C0441,P0308,preop,-14,HOOS JR,72.1,38.5,44.9,0
C0441,P0308,6wk,38,HOOS JR,82.4,47.3,50.7,1
C0441,P0308,3mo,90,HOOS JR,83.2,46.2,50.9,0
C0441,P0308,1yr,395,HOOS JR,100,32.6,40.3,1
C0442,P0007,preop,-25,HOOS JR,41,39.8,59.1,0
C0442,P0007,6wk,37,HOOS JR,68.8,40,59.7,1
C0442,P0007,3mo,90,HOOS JR,78.1,42.5,52.7,1
C0442,P0007,1yr,365,HOOS JR,83.3,35.9,65,0
C0443,P0061,preop,-5,HOOS JR,35.9,26.3,61.9,1
C0443,P0061,6wk,42,HOOS JR,68.9,36.5,66.8,1
C0443,P0061,3mo,81,HOOS JR,70.4,38.4,51.9,1
C0443,P0061,1yr,365,HOOS JR,92.5,48.7,61.1,0
C0444,P0073,preop,-26,KOOS JR,57,19.6,45.2,0
C0444,P0073,6wk,46,KOOS JR,61.3,33.5,37.4,0
C0444,P0073,3mo,90,KOOS JR,72.7,38.8,68.1,0
C0444,P0073,1yr,347,KOOS JR,83.5,44.6,47.5,1
C0445,P0295,preop,-19,KOOS JR,60.9,36.5,52.4,1
C0445,P0295,6wk,48,KOOS JR,65.4,34.3,57.1,1
C0445,P0295,3mo,,KOOS JR,,,,
C0445,P0295,1yr,372,KOOS JR,76.8,40.3,47.8,0
C0446,P0066,preop,-21,KOOS JR,42.8,32.7,48.4,0
C0446,P0066,6wk,42,KOOS JR,65.4,38.4,49.7,0
C0446,P0066,3mo,91,KOOS JR,59.8,51.1,55.9,0
C0446,P0066,1yr,365,KOOS JR,65.9,37.7,45.5,0
C0447,P0069,preop,-15,KOOS JR,39,24.7,43.6,1
C0447,P0069,6wk,44,KOOS JR,69.4,37.5,60,0
C0447,P0069,3mo,90,KOOS JR,75.8,38.9,29,0
C0447,P0069,1yr,365,KOOS JR,94.2,50.8,57.6,0
C0448,P0220,preop,-19,KOOS JR,48.6,28.9,45.4,0
C0448,P0220,6wk,37,KOOS JR,69.2,44.2,53.3,0
C0448,P0220,3mo,80,KOOS JR,60.4,36.3,54,0
C0448,P0220,1yr,,KOOS JR,,,,
C0449,P0032,preop,-14,HOOS JR,40.4,22.5,44.9,0
C0449,P0032,6wk,48,HOOS JR,67.5,29.6,57.7,1
C0449,P0032,3mo,85,HOOS JR,79.6,42.3,45.2,0
C0449,P0032,1yr,,HOOS JR,,,,
C0450,P0049,preop,-27,KOOS JR,54.2,43.2,59.4,0
C0450,P0049,6wk,41,KOOS JR,73.5,50.3,56.5,0
C0450,P0049,3mo,100,KOOS JR,75,43.2,55.9,0
C0450,P0049,1yr,370,KOOS JR,71.1,43.8,35.5,0
C0451,P0389,preop,-14,KOOS JR,68.4,43,54.8,1
C0451,P0389,6wk,42,KOOS JR,58.6,37.9,71.2,1
C0451,P0389,3mo,,KOOS JR,,,,
C0451,P0389,1yr,,KOOS JR,,,,
C0452,P0090,preop,-4,HOOS JR,55.8,24.1,71.5,0
C0452,P0090,6wk,43,HOOS JR,83.4,45.6,50.5,0
C0452,P0090,3mo,90,HOOS JR,94.9,40.8,59.9,0
C0452,P0090,1yr,366,HOOS JR,91.5,52.8,50.6,0
C0453,P0204,preop,-20,HOOS JR,69.2,29.4,47.5,0
C0453,P0204,6wk,40,HOOS JR,83.7,36.9,55.8,1
C0453,P0204,3mo,81,HOOS JR,79.4,43,51.8,0
C0453,P0204,1yr,374,HOOS JR,93.9,43.9,52.3,0
C0454,P0288,preop,-14,KOOS JR,30.8,28.9,37.4,0
C0454,P0288,6wk,42,KOOS JR,51.1,41.1,48.1,1
C0454,P0288,3mo,76,KOOS JR,58.3,26.4,33.2,1
C0454,P0288,1yr,370,KOOS JR,66.4,42,53.7,0
C0455,P0132,preop,-14,HOOS JR,65.5,38.7,59.8,0
C0455,P0132,6wk,42,HOOS JR,65.7,35.1,60.7,0
C0455,P0132,3mo,90,HOOS JR,79.5,44.6,59.9,0
C0455,P0132,1yr,,HOOS JR,,,,
C0456,P0357,preop,-15,HOOS JR,24.8,27,43.4,0
C0456,P0357,6wk,45,HOOS JR,54.9,36.4,42.2,1
C0456,P0357,3mo,90,HOOS JR,57.5,45,52.1,0
C0456,P0357,1yr,365,HOOS JR,74.1,40.5,65.6,0
C0457,P0064,preop,-14,HOOS JR,43,31,48.8,0
C0457,P0064,6wk,45,HOOS JR,67.9,37.9,53.5,0
C0457,P0064,3mo,,HOOS JR,,,,
C0457,P0064,1yr,,HOOS JR,,,,
C0458,P0108,preop,-20,KOOS JR,69,37.4,52.1,0
C0458,P0108,6wk,47,KOOS JR,81.1,37.7,46.1,1
C0458,P0108,3mo,83,KOOS JR,81.4,37.1,40.7,0
C0458,P0108,1yr,365,KOOS JR,100,46.3,57.3,0
C0459,P0083,preop,-14,HOOS JR,45.4,23.3,53.8,1
C0459,P0083,6wk,49,HOOS JR,77.1,35.9,50.5,0
C0459,P0083,3mo,90,HOOS JR,75.8,32.8,61.9,1
C0459,P0083,1yr,387,HOOS JR,85.5,35,66.2,1
C0460,P0271,preop,-14,HOOS JR,44.5,28.7,57.3,1
C0460,P0271,6wk,40,HOOS JR,60.1,27,34.7,1
C0460,P0271,3mo,79,HOOS JR,73.6,44.2,50.1,0
C0460,P0271,1yr,359,HOOS JR,88.1,38.5,41.1,0
C0461,P0174,preop,-14,KOOS JR,55.6,29.8,57.5,0
C0461,P0174,6wk,45,KOOS JR,67.1,41.6,49,0
C0461,P0174,3mo,101,KOOS JR,66.4,39.6,60.4,0
C0461,P0174,1yr,376,KOOS JR,100,58.8,53.1,0
C0462,P0258,preop,-21,HOOS JR,52.6,34.8,32.4,0
C0462,P0258,6wk,36,HOOS JR,73.8,39,49,1
C0462,P0258,3mo,90,HOOS JR,86,38.9,52.7,0
C0462,P0258,1yr,365,HOOS JR,81.8,36.1,64.8,0
C0463,P0348,preop,-14,KOOS JR,43.5,29.7,62.5,0
C0463,P0348,6wk,40,KOOS JR,59.5,36.7,43,0
C0463,P0348,3mo,101,KOOS JR,71.3,46.9,57.9,0
C0463,P0348,1yr,365,KOOS JR,88.9,36.4,54.1,0
C0464,P0324,preop,-20,HOOS JR,38.6,29.7,35.5,0
C0464,P0324,6wk,,HOOS JR,,,,
C0464,P0324,3mo,90,HOOS JR,58.1,37.8,51,1
C0464,P0324,1yr,,HOOS JR,,,,
C0465,P0299,preop,-24,KOOS JR,69.8,30.4,39.5,1
C0465,P0299,6wk,42,KOOS JR,85.6,42.4,68.1,1
C0465,P0299,3mo,93,KOOS JR,96,47.5,61.8,1
C0465,P0299,1yr,365,KOOS JR,85.8,44.5,59.8,0
C0466,P0384,preop,-14,KOOS JR,47.4,32.8,43.4,0
C0466,P0384,6wk,36,KOOS JR,67.5,38.6,41.4,1
C0466,P0384,3mo,98,KOOS JR,66.1,46.7,60,1
C0466,P0384,1yr,360,KOOS JR,79.3,47.4,53.6,0
C0467,P0230,preop,-19,HOOS JR,28.4,16.1,24.1,0
C0467,P0230,6wk,,HOOS JR,,,,
C0467,P0230,3mo,89,HOOS JR,81.1,48.4,59,0
C0467,P0230,1yr,350,HOOS JR,90.2,40.6,62.1,0
C0468,P0479,preop,-13,HOOS JR,47.6,41.6,53.7,0
C0468,P0479,6wk,46,HOOS JR,76,35.1,35.2,0
C0468,P0479,3mo,78,HOOS JR,68.9,45.6,49.8,1
C0468,P0479,1yr,,HOOS JR,,,,
C0469,P0285,preop,-5,KOOS JR,55.6,29.2,50.2,1
C0469,P0285,6wk,42,KOOS JR,64,21.9,51.2,1
C0469,P0285,3mo,96,KOOS JR,67.2,40.5,56.9,0
C0469,P0285,1yr,365,KOOS JR,72.8,47.6,68.4,1
C0470,P0361,preop,-19,HOOS JR,40.1,37.9,36.8,1
C0470,P0361,6wk,48,HOOS JR,59,28.9,44,1
C0470,P0361,3mo,92,HOOS JR,67.7,44.8,50.5,0
C0470,P0361,1yr,,HOOS JR,,,,
C0471,P0309,preop,-14,KOOS JR,54.1,31,51.9,1
C0471,P0309,6wk,,KOOS JR,,,,
C0471,P0309,3mo,81,KOOS JR,80.4,40.9,49.8,0
C0471,P0309,1yr,339,KOOS JR,100,41.9,39.5,0
C0472,P0146,preop,-12,KOOS JR,60.7,32,59.5,0
C0472,P0146,6wk,44,KOOS JR,76.1,42.2,41.6,0
C0472,P0146,3mo,88,KOOS JR,99.1,47.7,51,0
C0472,P0146,1yr,386,KOOS JR,100,53.5,51.7,0
C0473,P0200,preop,-14,KOOS JR,30.2,42.9,42.8,0
C0473,P0200,6wk,42,KOOS JR,43.3,23.6,66.9,1
C0473,P0200,3mo,,KOOS JR,,,,
C0473,P0200,1yr,365,KOOS JR,45.6,44.4,47,0
C0474,P0157,preop,-14,KOOS JR,53.7,35.8,31,1
C0474,P0157,6wk,46,KOOS JR,70.9,40.5,67.3,0
C0474,P0157,3mo,96,KOOS JR,91.8,44.8,42,0
C0474,P0157,1yr,,KOOS JR,,,,
C0475,P0144,preop,-14,KOOS JR,63.5,29.2,63.2,0
C0475,P0144,6wk,37,KOOS JR,58.7,33.6,49.6,1
C0475,P0144,3mo,96,KOOS JR,94.4,51.1,32,0
C0475,P0144,1yr,344,KOOS JR,100,42.4,51.7,0
C0476,P0196,preop,-25,HOOS JR,40.1,30.7,53,0
C0476,P0196,6wk,46,HOOS JR,81.4,41.2,47.3,1
C0476,P0196,3mo,85,HOOS JR,72.1,36,60.4,0
C0476,P0196,1yr,365,HOOS JR,100,49,55.5,0
C0477,P0449,preop,-14,HOOS JR,50.5,35.2,52.7,0
C0477,P0449,6wk,,HOOS JR,,,,
C0477,P0449,3mo,90,HOOS JR,91.6,46.3,46.5,1
C0477,P0449,1yr,390,HOOS JR,79.3,42.5,43.6,0
C0478,P0497,preop,-14,HOOS JR,51.3,35.5,33.3,0
C0478,P0497,6wk,49,HOOS JR,82.6,38.2,61.7,1
C0478,P0497,3mo,94,HOOS JR,96.7,44.4,57.9,0
C0478,P0497,1yr,365,HOOS JR,99.6,39.3,47.7,0
C0479,P0161,preop,-15,KOOS JR,41.6,28.3,43.8,1
C0479,P0161,6wk,42,KOOS JR,36.6,26.7,53.1,1
C0479,P0161,3mo,77,KOOS JR,64.2,38.7,50.4,0
C0479,P0161,1yr,389,KOOS JR,53,37.3,53.5,0
C0480,P0286,preop,-6,HOOS JR,56.5,33.5,46.5,0
C0480,P0286,6wk,,HOOS JR,,,,
C0480,P0286,3mo,103,HOOS JR,93.8,39,65.7,1
C0480,P0286,1yr,,HOOS JR,,,,
C0481,P0342,preop,-14,HOOS JR,26.1,21,50.3,1
C0481,P0342,6wk,37,HOOS JR,41,39.6,56.3,1
C0481,P0342,3mo,,HOOS JR,,,,
C0481,P0342,1yr,365,HOOS JR,63.9,37,52.1,0
C0482,P0170,preop,-14,HOOS JR,51,16.8,50.3,0
C0482,P0170,6wk,,HOOS JR,,,,
C0482,P0170,3mo,,HOOS JR,,,,
C0482,P0170,1yr,367,HOOS JR,100,39.2,66.2,0
C0483,P0101,preop,-14,HOOS JR,52.8,34.6,37.9,1
C0483,P0101,6wk,39,HOOS JR,65.8,26.3,28.5,1
C0483,P0101,3mo,,HOOS JR,,,,
C0483,P0101,1yr,352,HOOS JR,83.1,40.9,59.7,1
C0484,P0158,preop,-14,KOOS JR,64.9,41.7,61.1,0
C0484,P0158,6wk,,KOOS JR,,,,
C0484,P0158,3mo,82,KOOS JR,74.8,47.2,59.1,0
C0484,P0158,1yr,346,KOOS JR,98.1,42.2,55.3,0
C0485,P0106,preop,-14,HOOS JR,33,30.8,54.5,0
C0485,P0106,6wk,42,HOOS JR,65.3,20.1,63.9,0
C0485,P0106,3mo,99,HOOS JR,87.2,42.4,63.4,0
C0485,P0106,1yr,,HOOS JR,,,,
C0486,P0275,preop,-14,HOOS JR,25,32.6,55.8,1
C0486,P0275,6wk,36,HOOS JR,48,32,47.9,1
C0486,P0275,3mo,91,HOOS JR,60,37.3,63.6,1
C0486,P0275,1yr,365,HOOS JR,77.3,36.1,63.1,1
C0487,P0451,preop,-7,HOOS JR,53.7,38.4,61.4,0
C0487,P0451,6wk,,HOOS JR,,,,
C0487,P0451,3mo,94,HOOS JR,88.2,47.7,33.1,0
C0487,P0451,1yr,365,HOOS JR,100,39.4,54.3,0
C0488,P0057,preop,-8,HOOS JR,55.6,36.3,57.9,0
C0488,P0057,6wk,39,HOOS JR,78.2,27.9,45.9,1
C0488,P0057,3mo,90,HOOS JR,88.2,30.6,65.6,0
C0488,P0057,1yr,,HOOS JR,,,,
C0489,P0463,preop,-14,KOOS JR,46.5,26.6,49.9,1
C0489,P0463,6wk,37,KOOS JR,63.4,33.3,47.7,1
C0489,P0463,3mo,90,KOOS JR,86.7,31.6,49.7,0
C0489,P0463,1yr,386,KOOS JR,80.4,45.3,53.6,0
C0490,P0499,preop,,HOOS JR,,,,
C0490,P0499,6wk,42,HOOS JR,74.6,35,57.6,1
C0490,P0499,3mo,86,HOOS JR,70.2,55.5,53.9,0
C0490,P0499,1yr,389,HOOS JR,62.3,44.3,54.2,0
C0491,P0198,preop,-11,HOOS JR,49.7,37.8,41.1,1
C0491,P0198,6wk,42,HOOS JR,75.5,27.2,44.9,1
C0491,P0198,3mo,101,HOOS JR,100,50.8,42.4,1
C0491,P0198,1yr,,HOOS JR,,,,
C0492,P0192,preop,-25,KOOS JR,51.1,34,51.3,0
C0492,P0192,6wk,36,KOOS JR,43.2,27.6,40.9,0
C0492,P0192,3mo,101,KOOS JR,78.4,46.1,48.3,0
C0492,P0192,1yr,366,KOOS JR,75.5,34.6,52.2,0
C0493,P0242,preop,-18,KOOS JR,57.3,25.5,57.7,1
C0493,P0242,6wk,44,KOOS JR,60.4,28.9,64.1,1
C0493,P0242,3mo,102,KOOS JR,83.7,40.7,46.2,0
C0493,P0242,1yr,362,KOOS JR,99.4,47.7,62.6,1
C0494,P0049,preop,-10,KOOS JR,57.7,34.4,34.2,0
C0494,P0049,6wk,47,KOOS JR,67.7,43.7,46,0
C0494,P0049,3mo,93,KOOS JR,85.9,49.7,53,0
C0494,P0049,1yr,345,KOOS JR,94.6,42.4,42.6,1
C0495,P0340,preop,-14,HOOS JR,44.3,28.9,52.4,0
C0495,P0340,6wk,42,HOOS JR,56.7,39.3,60.9,1
C0495,P0340,3mo,94,HOOS JR,75.7,40.4,50.8,0
C0495,P0340,1yr,365,HOOS JR,95.6,41.3,66.3,1
C0496,P0502,preop,-25,HOOS JR,25.2,26.4,46.5,1
C0496,P0502,6wk,45,HOOS JR,52.1,29.3,41.4,1
C0496,P0502,3mo,84,HOOS JR,67.7,38.5,38.3,0
C0496,P0502,1yr,353,HOOS JR,81.1,48.2,70.2,0
C0497,P0398,preop,-23,HOOS JR,35.3,35.3,53.4,1
C0497,P0398,6wk,42,HOOS JR,66.3,35.7,60.6,1
C0497,P0398,3mo,90,HOOS JR,91.9,33.3,64.7,1
C0497,P0398,1yr,,HOOS JR,,,,
C0498,P0202,preop,-5,KOOS JR,44.6,33.1,28,0
C0498,P0202,6wk,47,KOOS JR,42,28.5,46.7,0
C0498,P0202,3mo,80,KOOS JR,59.6,37,39.4,0
C0498,P0202,1yr,365,KOOS JR,56.8,42.4,59.6,0
C0499,P0343,preop,-9,KOOS JR,27.8,36.3,69,0
C0499,P0343,6wk,42,KOOS JR,48,33.7,40,0
C0499,P0343,3mo,91,KOOS JR,54.2,34.5,37.6,0
C0499,P0343,1yr,,KOOS JR,,,,
C0500,P0079,preop,-26,KOOS JR,66.4,48.2,65.6,0
C0500,P0079,6wk,,KOOS JR,,,,
C0500,P0079,3mo,83,KOOS JR,77.1,42.4,51.2,1
C0500,P0079,1yr,365,KOOS JR,100,49.1,48.4,0
C0501,P0022,preop,-14,KOOS JR,53.4,30,54.6,1
C0501,P0022,6wk,47,KOOS JR,58.5,32.2,56.6,0
C0501,P0022,3mo,81,KOOS JR,80.8,48.5,52.1,0
C0501,P0022,1yr,,KOOS JR,,,,
C0502,P0460,preop,-14,HOOS JR,48.2,33.1,45,0
C0502,P0460,6wk,36,HOOS JR,54.3,32.1,22.6,1
C0502,P0460,3mo,78,HOOS JR,71,36.5,64.8,1
C0502,P0460,1yr,,HOOS JR,,,,
C0503,P0045,preop,-23,KOOS JR,61,32.5,47.2,1
C0503,P0045,6wk,42,KOOS JR,69.4,35,54.4,0
C0503,P0045,3mo,99,KOOS JR,80.3,41.9,53.8,0
C0503,P0045,1yr,379,KOOS JR,95,46.9,66.5,1
C0504,P0495,preop,-14,KOOS JR,66.9,30.6,43.9,0
C0504,P0495,6wk,37,KOOS JR,61.1,35.5,45.5,1
C0504,P0495,3mo,99,KOOS JR,90.3,51.3,50.2,0
C0504,P0495,1yr,365,KOOS JR,73.3,38.1,53.8,0
C0505,P0259,preop,-9,KOOS JR,59.4,31,45.2,0
C0505,P0259,6wk,47,KOOS JR,69.7,29.5,60.5,0
C0505,P0259,3mo,,KOOS JR,,,,
C0505,P0259,1yr,347,KOOS JR,62.7,42.5,60.5,0
C0506,P0505,preop,-24,KOOS JR,43.4,27.7,43.9,0
C0506,P0505,6wk,42,KOOS JR,69.1,43.8,58.7,0
C0506,P0505,3mo,90,KOOS JR,74.9,35.2,55,0
C0506,P0505,1yr,,KOOS JR,,,,
C0507,P0423,preop,-14,HOOS JR,51.7,38.1,53.6,0
C0507,P0423,6wk,46,HOOS JR,52.7,32.1,60,1
C0507,P0423,3mo,84,HOOS JR,80.8,35.4,41.9,0
C0507,P0423,1yr,,HOOS JR,,,,
C0508,P0515,preop,-11,KOOS JR,73.5,28.1,45.1,0
C0508,P0515,6wk,40,KOOS JR,69.5,45.7,37.5,1
C0508,P0515,3mo,102,KOOS JR,84.3,44.8,61.4,0
C0508,P0515,1yr,337,KOOS JR,90.8,57.2,51,0
C0509,P0479,preop,-22,HOOS JR,53.8,41.5,70.2,0
C0509,P0479,6wk,48,HOOS JR,80.7,35.3,49.1,1
C0509,P0479,3mo,83,HOOS JR,100,59.1,69.4,0
C0509,P0479,1yr,365,HOOS JR,93.8,35.7,56.9,0
C0510,P0046,preop,-22,HOOS JR,37,23.1,53.8,0
C0510,P0046,6wk,42,HOOS JR,62.8,38.3,56.7,1
C0510,P0046,3mo,96,HOOS JR,76.8,42.6,41.7,0
C0510,P0046,1yr,,HOOS JR,,,,
C0511,P0507,preop,-26,HOOS JR,59,28.3,45.2,0
C0511,P0507,6wk,42,HOOS JR,78.1,41.8,54.8,0
C0511,P0507,3mo,90,HOOS JR,93.2,35.4,64.7,0
C0511,P0507,1yr,365,HOOS JR,100,59.1,31.4,0
C0512,P0072,preop,-14,KOOS JR,61,23.3,54.4,0
C0512,P0072,6wk,42,KOOS JR,53.7,35.2,50,1
C0512,P0072,3mo,,KOOS JR,,,,
C0512,P0072,1yr,365,KOOS JR,70.2,51.9,51,0
C0513,P0238,preop,-2,KOOS JR,44.5,34,57.7,1
C0513,P0238,6wk,42,KOOS JR,66.6,42.4,53.9,1
C0513,P0238,3mo,,KOOS JR,,,,
C0513,P0238,1yr,357,KOOS JR,79.6,48.9,60.9,0
C0514,P0163,preop,-1,KOOS JR,40.9,35.6,46.2,1
C0514,P0163,6wk,39,KOOS JR,54.6,35.2,29.7,0
C0514,P0163,3mo,91,KOOS JR,59.6,37.6,58.7,1
C0514,P0163,1yr,383,KOOS JR,100,35.1,57,0
C0515,P0146,preop,,KOOS JR,,,,
C0515,P0146,6wk,42,KOOS JR,65.8,28.6,48.4,1
C0515,P0146,3mo,85,KOOS JR,69,37.5,49.1,0
C0515,P0146,1yr,373,KOOS JR,90.8,48.3,51.1,0
C0516,P0176,preop,-22,KOOS JR,63.7,30.5,50.8,0
C0516,P0176,6wk,42,KOOS JR,47.3,35.6,49,1
C0516,P0176,3mo,91,KOOS JR,71.8,34.3,59.3,0
C0516,P0176,1yr,376,KOOS JR,100,48.5,60.4,0
C0517,P0474,preop,,KOOS JR,,,,
C0517,P0474,6wk,45,KOOS JR,55.9,50.3,44.4,1
C0517,P0474,3mo,90,KOOS JR,63.1,31.4,68.3,0
C0517,P0474,1yr,365,KOOS JR,79.5,28.5,43.7,0
C0518,P0033,preop,-14,KOOS JR,61.8,31.3,63.7,0
C0518,P0033,6wk,37,KOOS JR,55.4,37.3,40.7,0
C0518,P0033,3mo,90,KOOS JR,74,33,31.6,1
C0518,P0033,1yr,365,KOOS JR,72,41.2,53.8,0
C0519,P0256,preop,-3,KOOS JR,28.6,29.5,50.4,1
C0519,P0256,6wk,42,KOOS JR,55.8,33.9,49.2,1
C0519,P0256,3mo,104,KOOS JR,61.4,42.7,43.3,0
C0519,P0256,1yr,,KOOS JR,,,,
C0520,P0124,preop,-8,HOOS JR,68.3,37,43.9,0
C0520,P0124,6wk,46,HOOS JR,77.8,40.4,43.9,1
C0520,P0124,3mo,90,HOOS JR,100,44,58.5,0
C0520,P0124,1yr,336,HOOS JR,100,56.2,54.7,0
C0521,P0111,preop,-14,KOOS JR,49.6,34.7,32.2,0
C0521,P0111,6wk,41,KOOS JR,56.8,37.8,49.3,1
C0521,P0111,3mo,93,KOOS JR,48.7,40.5,43.9,1
C0521,P0111,1yr,,KOOS JR,,,,
C0522,P0419,preop,-14,KOOS JR,43.8,27.9,34.4,1
C0522,P0419,6wk,42,KOOS JR,57.8,41.1,50.9,1
C0522,P0419,3mo,,KOOS JR,,,,
C0522,P0419,1yr,335,KOOS JR,74.2,49.8,52.1,0
C0523,P0180,preop,-20,KOOS JR,51,23.5,46.9,0
C0523,P0180,6wk,42,KOOS JR,37.7,45.2,58.9,0
C0523,P0180,3mo,96,KOOS JR,56.7,40.1,60.9,1
C0523,P0180,1yr,365,KOOS JR,64.9,35,52.4,0
C0524,P0191,preop,-14,KOOS JR,75.7,35.3,47.4,0
C0524,P0191,6wk,41,KOOS JR,81.9,43.7,49.5,1
C0524,P0191,3mo,89,KOOS JR,90.7,53.1,60.9,1
C0524,P0191,1yr,365,KOOS JR,80.6,40.9,63,0
C0525,P0045,preop,-18,KOOS JR,54.5,34,57.9,0
C0525,P0045,6wk,36,KOOS JR,67.1,36.8,48.5,0
C0525,P0045,3mo,101,KOOS JR,81.8,37.1,56.3,1
C0525,P0045,1yr,365,KOOS JR,91.1,53,47.3,0
C0526,P0390,preop,-15,KOOS JR,45.3,25.8,51.3,1
C0526,P0390,6wk,45,KOOS JR,56.8,47,50.1,1
C0526,P0390,3mo,84,KOOS JR,56.9,39.6,54.3,1
C0526,P0390,1yr,346,KOOS JR,74.9,43.9,63.3,0
C0527,P0270,preop,-24,KOOS JR,76.3,38.2,42.2,0
C0527,P0270,6wk,,KOOS JR,,,,
C0527,P0270,3mo,,KOOS JR,,,,
C0527,P0270,1yr,,KOOS JR,,,,
C0528,P0486,preop,-14,KOOS JR,54.6,20,69.7,0
C0528,P0486,6wk,41,KOOS JR,73.9,27.1,51.4,1
C0528,P0486,3mo,78,KOOS JR,86.3,48.4,54.8,0
C0528,P0486,1yr,340,KOOS JR,88.8,35.8,39,0
C0529,P0107,preop,-18,KOOS JR,50.2,37.6,35.4,1
C0529,P0107,6wk,49,KOOS JR,67.7,37.8,63.5,1
C0529,P0107,3mo,89,KOOS JR,72.3,40.8,38.1,0
C0529,P0107,1yr,363,KOOS JR,94.4,46.1,46.7,0
C0530,P0002,preop,-10,HOOS JR,53,24.5,47.2,0
C0530,P0002,6wk,43,HOOS JR,55.3,25,65.6,0
C0530,P0002,3mo,90,HOOS JR,88.8,46.6,59.9,1
C0530,P0002,1yr,368,HOOS JR,97.9,33.2,55.9,0
C0531,P0044,preop,-1,HOOS JR,67.2,32.2,36.8,0
C0531,P0044,6wk,40,HOOS JR,63.7,41.6,39.6,1
C0531,P0044,3mo,,HOOS JR,,,,
C0531,P0044,1yr,365,HOOS JR,90.4,45.5,59.7,1
C0532,P0329,preop,,KOOS JR,,,,
C0532,P0329,6wk,36,KOOS JR,66.1,37.5,60.3,1
C0532,P0329,3mo,90,KOOS JR,66.8,34.8,64.7,0
C0532,P0329,1yr,338,KOOS JR,84,50,58.6,0
C0533,P0488,preop,-14,KOOS JR,50.8,28,59.4,1
C0533,P0488,6wk,40,KOOS JR,66.8,38,55.6,1
C0533,P0488,3mo,91,KOOS JR,72.7,46.7,36,0
C0533,P0488,1yr,365,KOOS JR,91.8,47.7,48.7,0
C0534,P0154,preop,-25,HOOS JR,56.1,30.5,42.1,1
C0534,P0154,6wk,46,HOOS JR,64.8,36.2,47.3,0
C0534,P0154,3mo,,HOOS JR,,,,
C0534,P0154,1yr,365,HOOS JR,100,49.4,58.4,1
C0535,P0383,preop,-27,KOOS JR,56.4,32.3,45,1
C0535,P0383,6wk,41,KOOS JR,47.5,36.9,66.3,0
C0535,P0383,3mo,90,KOOS JR,73.8,41.2,45,1
C0535,P0383,1yr,365,KOOS JR,77.9,45.4,57.2,1
C0536,P0027,preop,-14,KOOS JR,45.7,30.2,43.5,1
C0536,P0027,6wk,42,KOOS JR,54.4,33.9,29.4,0
C0536,P0027,3mo,78,KOOS JR,55.3,35.4,51.3,0
C0536,P0027,1yr,362,KOOS JR,71.7,51.1,34.7,1
C0537,P0376,preop,-25,KOOS JR,40.2,37.8,55.1,0
C0537,P0376,6wk,42,KOOS JR,63.9,36.6,57.1,0
C0537,P0376,3mo,103,KOOS JR,63.2,31.6,41.5,0
C0537,P0376,1yr,,KOOS JR,,,,
C0538,P0320,preop,-15,HOOS JR,51.3,29.6,55.1,1
C0538,P0320,6wk,46,HOOS JR,76.9,52.4,65.6,0
C0538,P0320,3mo,87,HOOS JR,73.7,36.7,53,0
C0538,P0320,1yr,365,HOOS JR,86.5,43.7,62.1,0
C0539,P0422,preop,-14,KOOS JR,33,21.3,55.6,0
C0539,P0422,6wk,39,KOOS JR,68.6,40.6,60.6,1
C0539,P0422,3mo,90,KOOS JR,75.4,36.1,54.7,0
C0539,P0422,1yr,,KOOS JR,,,,
C0540,P0354,preop,-14,KOOS JR,38.3,27.5,44.2,1
C0540,P0354,6wk,37,KOOS JR,65.7,35.9,39.6,0
C0540,P0354,3mo,84,KOOS JR,90.9,43.6,59.4,0
C0540,P0354,1yr,,KOOS JR,,,,
C0541,P0080,preop,-9,HOOS JR,24,21.5,70.1,1
C0541,P0080,6wk,,HOOS JR,,,,
C0541,P0080,3mo,79,HOOS JR,72,44.6,46.4,1
C0541,P0080,1yr,,HOOS JR,,,,
C0542,P0145,preop,-13,HOOS JR,45.7,35.9,43.6,0
C0542,P0145,6wk,42,HOOS JR,82.1,41,43.9,0
C0542,P0145,3mo,90,HOOS JR,97.4,49.1,42.7,0
C0542,P0145,1yr,365,HOOS JR,100,50.9,59.5,0
C0543,P0110,preop,-16,HOOS JR,72.7,35.2,35.4,1
C0543,P0110,6wk,42,HOOS JR,72.2,39,45.9,1
C0543,P0110,3mo,103,HOOS JR,100,38.5,47.5,1
C0543,P0110,1yr,,HOOS JR,,,,
C0544,P0302,preop,-14,HOOS JR,37.5,28.6,49.3,0
C0544,P0302,6wk,45,HOOS JR,65.7,33.9,38.4,0
C0544,P0302,3mo,102,HOOS JR,71.6,32.6,57.5,0
C0544,P0302,1yr,,HOOS JR,,,,
C0545,P0377,preop,-12,HOOS JR,56.4,34.7,46.4,0
C0545,P0377,6wk,35,HOOS JR,65.8,31.5,42.1,1
C0545,P0377,3mo,,HOOS JR,,,,
C0545,P0377,1yr,388,HOOS JR,92.6,49.4,53,0
C0546,P0126,preop,-14,HOOS JR,53.5,35.9,47.3,1
C0546,P0126,6wk,42,HOOS JR,73.7,27.4,43.1,1
C0546,P0126,3mo,90,HOOS JR,66.9,41.1,39.4,0
C0546,P0126,1yr,358,HOOS JR,82.6,40.8,27,0
C0547,P0003,preop,-12,KOOS JR,57.9,34.7,51.7,0
C0547,P0003,6wk,48,KOOS JR,74.7,33.6,43.7,0
C0547,P0003,3mo,90,KOOS JR,73.6,45.6,63.2,0
C0547,P0003,1yr,373,KOOS JR,100,40.2,58.8,0
C0548,P0285,preop,-14,KOOS JR,49.5,32.4,48.3,0
C0548,P0285,6wk,42,KOOS JR,59.3,29.8,52.9,1
C0548,P0285,3mo,,KOOS JR,,,,
C0548,P0285,1yr,371,KOOS JR,78.1,49.8,68.2,1
C0549,P0284,preop,-14,HOOS JR,35.8,44.2,54.1,0
C0549,P0284,6wk,47,HOOS JR,62.2,31.3,32.5,1
C0549,P0284,3mo,,HOOS JR,,,,
C0549,P0284,1yr,,HOOS JR,,,,
C0550,P0173,preop,-14,KOOS JR,52.4,30.7,55.7,1
C0550,P0173,6wk,42,KOOS JR,61.8,32.6,69.7,0
C0550,P0173,3mo,84,KOOS JR,78,38,42.4,0
C0550,P0173,1yr,353,KOOS JR,90.4,44,43.9,0
C0551,P0430,preop,-25,KOOS JR,56,39.1,26,0
C0551,P0430,6wk,37,KOOS JR,53.8,23.2,53.1,1
C0551,P0430,3mo,,KOOS JR,,,,
C0551,P0430,1yr,341,KOOS JR,77.6,47.9,56.7,0
C0552,P0462,preop,-27,KOOS JR,48.1,26.6,44.3,0
C0552,P0462,6wk,42,KOOS JR,54.5,40.7,51,0
C0552,P0462,3mo,90,KOOS JR,70.1,36,30.4,0
C0552,P0462,1yr,354,KOOS JR,69.5,41.4,58,0
C0553,P0064,preop,-22,HOOS JR,33.1,26.7,52.8,0
C0553,P0064,6wk,48,HOOS JR,56.8,41.3,54.3,0
C0553,P0064,3mo,,HOOS JR,,,,
C0553,P0064,1yr,395,HOOS JR,92.4,38.3,50.3,0
C0554,P0495,preop,-14,KOOS JR,65.5,36.3,44.4,0
C0554,P0495,6wk,36,KOOS JR,61.6,33.4,57.8,1
C0554,P0495,3mo,83,KOOS JR,87.8,40,53.2,0
C0554,P0495,1yr,,KOOS JR,,,,
C0555,P0408,preop,-14,KOOS JR,46.6,45.6,48.4,0
C0555,P0408,6wk,42,KOOS JR,62.7,29.5,47.9,1
C0555,P0408,3mo,,KOOS JR,,,,
C0555,P0408,1yr,,KOOS JR,,,,
C0556,P0381,preop,-9,KOOS JR,34.8,38.6,46.5,1
C0556,P0381,6wk,40,KOOS JR,59.6,21.2,50,1
C0556,P0381,3mo,85,KOOS JR,83.4,43.3,62,0
C0556,P0381,1yr,352,KOOS JR,85.4,53.8,66.9,0
C0557,P0291,preop,-16,HOOS JR,44.7,24.2,31.5,0
C0557,P0291,6wk,42,HOOS JR,74.2,39.5,46.9,0
C0557,P0291,3mo,,HOOS JR,,,,
C0557,P0291,1yr,387,HOOS JR,70.9,52.9,57.6,0
C0558,P0271,preop,-6,HOOS JR,36.5,32,52.4,1
C0558,P0271,6wk,44,HOOS JR,46.9,25.5,51.9,1
C0558,P0271,3mo,90,HOOS JR,58.4,45.7,49,1
C0558,P0271,1yr,,HOOS JR,,,,
C0559,P0330,preop,-11,KOOS JR,40.4,26.8,49.1,0
C0559,P0330,6wk,37,KOOS JR,54.7,34.2,38.9,0
C0559,P0330,3mo,85,KOOS JR,73.7,46.9,44.9,1
C0559,P0330,1yr,355,KOOS JR,70,36.7,53.7,0
C0560,P0384,preop,-14,KOOS JR,44,14.2,61.8,1
C0560,P0384,6wk,49,KOOS JR,53.7,28.4,60.1,0
C0560,P0384,3mo,87,KOOS JR,74.7,40.6,46.7,0
C0560,P0384,1yr,365,KOOS JR,70.5,40.4,52.6,0
C0561,P0185,preop,-14,HOOS JR,54.1,34.5,62.5,1
C0561,P0185,6wk,42,HOOS JR,64.6,33.2,59.1,0
C0561,P0185,3mo,90,HOOS JR,76.7,34.2,59.7,0
C0561,P0185,1yr,383,HOOS JR,67.9,40.9,70.5,1
C0562,P0168,preop,-10,KOOS JR,35.1,27.3,42.5,0
C0562,P0168,6wk,37,KOOS JR,54.7,36.3,52.3,1
C0562,P0168,3mo,,KOOS JR,,,,
C0562,P0168,1yr,365,KOOS JR,87.7,54.4,55.6,0
C0563,P0130,preop,,KOOS JR,,,,
C0563,P0130,6wk,42,KOOS JR,64.2,36.9,52.1,1
C0563,P0130,3mo,97,KOOS JR,64.1,42.7,45.6,0
C0563,P0130,1yr,,KOOS JR,,,,
C0564,P0097,preop,-7,HOOS JR,32.4,29.5,49.6,0
C0564,P0097,6wk,48,HOOS JR,71.5,33.6,54,1
C0564,P0097,3mo,,HOOS JR,,,,
C0564,P0097,1yr,365,HOOS JR,74.6,46.8,51.4,0
C0565,P0178,preop,-23,KOOS JR,18.7,25.3,59.4,1
C0565,P0178,6wk,42,KOOS JR,44.9,20.3,65.5,0
C0565,P0178,3mo,,KOOS JR,,,,
C0565,P0178,1yr,359,KOOS JR,95.6,56,47.3,0
C0566,P0410,preop,-15,HOOS JR,36.5,32.9,37.6,0
C0566,P0410,6wk,42,HOOS JR,57.8,30.8,40.5,1
C0566,P0410,3mo,90,HOOS JR,66.3,37.4,52.4,0
C0566,P0410,1yr,373,HOOS JR,85.5,43,62.6,0
C0567,P0253,preop,-13,HOOS JR,37,39.4,56.8,1
C0567,P0253,6wk,47,HOOS JR,65.8,26.3,55.6,1
C0567,P0253,3mo,80,HOOS JR,76.4,45.2,59.6,1
C0567,P0253,1yr,365,HOOS JR,89.9,37.4,39.4,0
C0568,P0213,preop,-3,KOOS JR,60,24.4,54,0
C0568,P0213,6wk,39,KOOS JR,61.6,36.2,61.4,1
C0568,P0213,3mo,101,KOOS JR,64.1,40.3,48.4,1
C0568,P0213,1yr,368,KOOS JR,82.9,53.5,61.4,0
C0569,P0490,preop,-14,KOOS JR,60.3,29.7,48.9,0
C0569,P0490,6wk,,KOOS JR,,,,
C0569,P0490,3mo,83,KOOS JR,82.8,40.2,41.5,1
C0569,P0490,1yr,365,KOOS JR,100,51.3,48.6,0
C0570,P0345,preop,-14,KOOS JR,45.4,38.1,41.4,0
C0570,P0345,6wk,,KOOS JR,,,,
C0570,P0345,3mo,90,KOOS JR,88.9,45.3,56.8,0
C0570,P0345,1yr,386,KOOS JR,95.9,53,55.2,0
C0571,P0323,preop,-27,KOOS JR,46.1,31.9,41,1
C0571,P0323,6wk,,KOOS JR,,,,
C0571,P0323,3mo,78,KOOS JR,52.3,42.7,46.4,0
C0571,P0323,1yr,365,KOOS JR,78.8,47.5,47.2,1
C0572,P0311,preop,-14,KOOS JR,45.5,22,46,1
C0572,P0311,6wk,42,KOOS JR,50.6,25.6,47.7,0
C0572,P0311,3mo,81,KOOS JR,74.5,35.8,49.7,1
C0572,P0311,1yr,340,KOOS JR,93.5,44.1,43.5,1
C0573,P0343,preop,-13,KOOS JR,56,27.6,47.9,0
C0573,P0343,6wk,41,KOOS JR,52,30.5,62.8,1
C0573,P0343,3mo,90,KOOS JR,59.5,33.1,68.4,1
C0573,P0343,1yr,382,KOOS JR,60.6,42.9,49.4,0
C0574,P0162,preop,-7,HOOS JR,52.4,38.6,62.5,0
C0574,P0162,6wk,40,HOOS JR,60,28.8,43.1,0
C0574,P0162,3mo,92,HOOS JR,64.1,37.8,64.7,0
C0574,P0162,1yr,383,HOOS JR,63.5,51.8,77.3,0
C0575,P0101,preop,-14,HOOS JR,55.6,28.8,48.3,0
C0575,P0101,6wk,39,HOOS JR,63.9,22.3,49.2,0
C0575,P0101,3mo,,HOOS JR,,,,
C0575,P0101,1yr,,HOOS JR,,,,
C0576,P0124,preop,-14,HOOS JR,36,18.3,77.9,0
C0576,P0124,6wk,48,HOOS JR,71.5,36.4,58.5,0
C0576,P0124,3mo,90,HOOS JR,83.3,43.3,43.3,0
C0576,P0124,1yr,356,HOOS JR,100,55.5,56.2,0
C0577,P0494,preop,-6,KOOS JR,40.2,28.9,38.4,1
C0577,P0494,6wk,42,KOOS JR,33.2,42,64.7,0
C0577,P0494,3mo,86,KOOS JR,57.6,32.8,54.4,0
C0577,P0494,1yr,347,KOOS JR,76.3,35,53,0
C0578,P0041,preop,-22,KOOS JR,40.6,30.6,54,1
C0578,P0041,6wk,45,KOOS JR,55.5,39.5,55.2,0
C0578,P0041,3mo,93,KOOS JR,71.5,40.8,53.2,1
C0578,P0041,1yr,375,KOOS JR,64.6,40.5,38.7,0
C0579,P0387,preop,-14,KOOS JR,51.1,28.3,59.7,1
C0579,P0387,6wk,42,KOOS JR,51.1,29.4,59.3,1
C0579,P0387,3mo,90,KOOS JR,71.3,41.6,49.2,0
C0579,P0387,1yr,388,KOOS JR,58.7,36.8,59.7,0
C0580,P0334,preop,-14,KOOS JR,38.3,35.9,49.5,1
C0580,P0334,6wk,42,KOOS JR,51.2,41.9,54.2,1
C0580,P0334,3mo,102,KOOS JR,66.6,32.4,54.8,0
C0580,P0334,1yr,,KOOS JR,,,,
C0581,P0179,preop,,KOOS JR,,,,
C0581,P0179,6wk,42,KOOS JR,66.4,32.1,57.6,0
C0581,P0179,3mo,87,KOOS JR,71.3,49.8,52.8,0
C0581,P0179,1yr,348,KOOS JR,96.9,35.6,51.2,0
C0582,P0297,preop,-4,KOOS JR,22.2,25.9,40.9,0
C0582,P0297,6wk,44,KOOS JR,45.1,33.9,59.3,1
C0582,P0297,3mo,81,KOOS JR,47.1,30,53.4,0
C0582,P0297,1yr,390,KOOS JR,78.3,39.5,45.3,0
C0583,P0362,preop,-14,KOOS JR,56.5,24.9,48,1
C0583,P0362,6wk,42,KOOS JR,67.6,38.1,53.8,0
C0583,P0362,3mo,83,KOOS JR,90.7,38.4,30,0
C0583,P0362,1yr,375,KOOS JR,100,45.7,54.8,0
C0584,P0505,preop,-2,KOOS JR,42,17.5,46,1
C0584,P0505,6wk,42,KOOS JR,61.1,31.1,49.1,1
C0584,P0505,3mo,83,KOOS JR,81.1,50.4,59.5,0
C0584,P0505,1yr,365,KOOS JR,81,45.7,41.5,0
C0585,P0492,preop,-14,HOOS JR,33.6,27,54.8,0
C0585,P0492,6wk,42,HOOS JR,65.1,39.6,68.7,0
C0585,P0492,3mo,90,HOOS JR,74.1,44.4,65.5,0
C0585,P0492,1yr,367,HOOS JR,77.6,43.3,58.5,0
C0586,P0405,preop,-12,HOOS JR,52.3,39.3,50.9,0
C0586,P0405,6wk,41,HOOS JR,93.9,52.4,54.4,1
C0586,P0405,3mo,90,HOOS JR,87.3,47.6,39.3,0
C0586,P0405,1yr,365,HOOS JR,82.9,46.7,52.5,0
C0587,P0243,preop,-14,HOOS JR,32.2,39.4,55.4,0
C0587,P0243,6wk,42,HOOS JR,66.1,36.6,56.1,1
C0587,P0243,3mo,93,HOOS JR,88.8,42.6,54.9,0
C0587,P0243,1yr,365,HOOS JR,92.5,43.1,53.6,0
C0588,P0475,preop,-4,KOOS JR,58,36,35.9,0
C0588,P0475,6wk,38,KOOS JR,75.3,40.3,61.6,1
C0588,P0475,3mo,96,KOOS JR,80.1,50.2,55.1,1
C0588,P0475,1yr,,KOOS JR,,,,
C0589,P0509,preop,-14,HOOS JR,36.1,21.7,43,0
C0589,P0509,6wk,43,HOOS JR,68.6,30.4,48.7,1
C0589,P0509,3mo,90,HOOS JR,80.8,31.8,54.8,0
C0589,P0509,1yr,365,HOOS JR,98,53.8,49.5,0
C0590,P0041,preop,-16,KOOS JR,56.4,29.3,45,1
C0590,P0041,6wk,42,KOOS JR,43.9,24.1,51.2,1
C0590,P0041,3mo,80,KOOS JR,56.4,39.9,56.6,0
C0590,P0041,1yr,378,KOOS JR,70.5,45.1,51.4,0
C0591,P0234,preop,-17,KOOS JR,52.7,30.1,57.1,1
C0591,P0234,6wk,45,KOOS JR,62.4,40.9,54.4,1
C0591,P0234,3mo,93,KOOS JR,87.2,49,52.7,0
C0591,P0234,1yr,374,KOOS JR,79.4,54.2,58.2,0
C0592,P0126,preop,-14,HOOS JR,58.8,24.7,46.4,0
C0592,P0126,6wk,47,HOOS JR,78.6,34.1,54.4,0
C0592,P0126,3mo,91,HOOS JR,80.9,48.5,45.5,0
C0592,P0126,1yr,365,HOOS JR,100,42.2,50.1,0
C0593,P0388,preop,-14,KOOS JR,27.9,23.9,50.2,0
C0593,P0388,6wk,48,KOOS JR,50.6,28.1,53,0
C0593,P0388,3mo,,KOOS JR,,,,
C0593,P0388,1yr,,KOOS JR,,,,
C0594,P0237,preop,-14,KOOS JR,63.9,44.2,56.5,1
C0594,P0237,6wk,42,KOOS JR,49.6,20.9,53.4,1
C0594,P0237,3mo,88,KOOS JR,60.7,38.4,42.9,1
C0594,P0237,1yr,365,KOOS JR,67.2,37,32,0
C0595,P0396,preop,-6,KOOS JR,33.7,20.5,45.3,0
C0595,P0396,6wk,40,KOOS JR,37.7,38.9,48.7,0
C0595,P0396,3mo,90,KOOS JR,46.1,45,51.8,1
C0595,P0396,1yr,365,KOOS JR,37.6,44,50.5,0
C0596,P0391,preop,-14,KOOS JR,45.3,22.9,23,1
C0596,P0391,6wk,39,KOOS JR,68.4,33.1,61.2,0
C0596,P0391,3mo,101,KOOS JR,82.2,39.8,46.8,0
C0596,P0391,1yr,389,KOOS JR,81.3,51,47.5,0
C0597,P0059,preop,-14,KOOS JR,63,32.3,52.4,0
C0597,P0059,6wk,42,KOOS JR,65.4,37,34.1,1
C0597,P0059,3mo,102,KOOS JR,84,39.6,62,1
C0597,P0059,1yr,347,KOOS JR,85.5,48.2,48.1,0
C0598,P0471,preop,-15,KOOS JR,35,33.8,48.7,0
C0598,P0471,6wk,42,KOOS JR,46.6,35.5,68.5,0
C0598,P0471,3mo,100,KOOS JR,53.6,28.2,58.7,0
C0598,P0471,1yr,349,KOOS JR,61.1,42.6,60.8,0
C0599,P0494,preop,-14,KOOS JR,33.2,28.6,49.5,0
C0599,P0494,6wk,36,KOOS JR,57.6,30.1,46.9,1
C0599,P0494,3mo,90,KOOS JR,91.4,38.9,61.7,1
C0599,P0494,1yr,365,KOOS JR,74.4,52.3,40.3,0
C0600,P0362,preop,-7,KOOS JR,45.1,33.2,52.3,1
C0600,P0362,6wk,42,KOOS JR,64.1,33.9,68,0
C0600,P0362,3mo,,KOOS JR,,,,
C0600,P0362,1yr,,KOOS JR,,,,
C0601,P0003,preop,-24,KOOS JR,55.9,27.5,60.4,0
C0601,P0003,6wk,42,KOOS JR,73,33,56.8,1
C0601,P0003,3mo,96,KOOS JR,81.2,45.1,42.8,0
C0601,P0003,1yr,365,KOOS JR,100,35.6,61.1,0
C0602,P0410,preop,-4,HOOS JR,44.4,24.9,44.1,0
C0602,P0410,6wk,42,HOOS JR,59.2,31.2,39.6,0
C0602,P0410,3mo,90,HOOS JR,98.5,39.8,46.2,0
C0602,P0410,1yr,347,HOOS JR,90.9,40.6,57.7,0
C0603,P0297,preop,-8,KOOS JR,40.5,24.6,44.2,0
C0603,P0297,6wk,,KOOS JR,,,,
C0603,P0297,3mo,101,KOOS JR,64.6,38.2,39.8,0
C0603,P0297,1yr,365,KOOS JR,71.7,29.9,44.6,0
C0604,P0234,preop,-16,KOOS JR,56.9,39.8,54.5,0
C0604,P0234,6wk,,KOOS JR,,,,
C0604,P0234,3mo,84,KOOS JR,88.4,37.7,50.3,0
C0604,P0234,1yr,,KOOS JR,,,,
